date,compound
2021-01-01 00:00:00,6.880599999999999
2021-01-01 01:00:00,15.9848
2021-01-01 02:00:00,10.392999999999999
2021-01-01 03:00:00,3.4254
2021-01-01 04:00:00,4.3995
2021-01-01 05:00:00,6.3302000000000005
2021-01-01 06:00:00,5.1151
2021-01-01 07:00:00,4.6257
2021-01-01 08:00:00,3.5015
2021-01-01 09:00:00,7.0423
2021-01-01 10:00:00,2.6088
2021-01-01 11:00:00,5.5862
2021-01-01 12:00:00,4.6579999999999995
2021-01-01 13:00:00,5.8821
2021-01-01 14:00:00,5.8284
2021-01-01 15:00:00,6.9629
2021-01-01 16:00:00,4.8166
2021-01-01 17:00:00,8.0871
2021-01-01 18:00:00,7.9278
2021-01-01 19:00:00,4.6655
2021-01-01 20:00:00,2.8723
2021-01-01 21:00:00,4.6887
2021-01-01 22:00:00,6.8331
2021-01-01 23:00:00,7.7428
2021-01-02 00:00:00,3.0886
2021-01-02 01:00:00,2.8134
2021-01-02 02:00:00,3.4681
2021-01-02 03:00:00,0.7327999999999999
2021-01-02 04:00:00,5.7322
2021-01-02 05:00:00,5.3388
2021-01-02 06:00:00,1.9413
2021-01-02 07:00:00,5.8009
2021-01-02 08:00:00,5.7523
2021-01-02 09:00:00,6.0935
2021-01-02 10:00:00,3.4099999999999997
2021-01-02 11:00:00,1.7636000000000003
2021-01-02 12:00:00,3.8186999999999998
2021-01-02 13:00:00,17.7479
2021-01-02 14:00:00,18.0947
2021-01-02 15:00:00,17.4058
2021-01-02 16:00:00,29.1573
2021-01-02 17:00:00,25.1648
2021-01-02 18:00:00,13.3828
2021-01-02 19:00:00,19.2828
2021-01-02 20:00:00,20.6128
2021-01-02 21:00:00,17.5905
2021-01-02 22:00:00,11.3353
2021-01-02 23:00:00,18.88
2021-01-03 00:00:00,8.1492
2021-01-03 01:00:00,8.0734
2021-01-03 02:00:00,3.5578999999999996
2021-01-03 03:00:00,5.8898
2021-01-03 04:00:00,4.4788
2021-01-03 05:00:00,19.2469
2021-01-03 06:00:00,9.2353
2021-01-03 07:00:00,13.349
2021-01-03 08:00:00,14.6406
2021-01-03 09:00:00,9.0497
2021-01-03 10:00:00,11.1126
2021-01-03 11:00:00,15.5469
2021-01-03 12:00:00,14.160499999999999
2021-01-03 13:00:00,15.2936
2021-01-03 14:00:00,11.9758
2021-01-03 15:00:00,17.1574
2021-01-03 16:00:00,17.319200000000002
2021-01-03 17:00:00,11.5665
2021-01-03 18:00:00,11.5574
2021-01-03 19:00:00,13.959
2021-01-03 20:00:00,5.7204
2021-01-03 21:00:00,11.197000000000001
2021-01-03 22:00:00,11.2666
2021-01-03 23:00:00,9.0738
2021-01-04 00:00:00,10.559
2021-01-04 01:00:00,5.8558
2021-01-04 02:00:00,9.3393
2021-01-04 03:00:00,5.5523
2021-01-04 04:00:00,11.3257
2021-01-04 05:00:00,10.7875
2021-01-04 06:00:00,6.1056
2021-01-04 07:00:00,2.8011000000000004
2021-01-04 08:00:00,2.4316
2021-01-04 09:00:00,4.0992
2021-01-04 10:00:00,4.381600000000001
2021-01-04 11:00:00,6.5694
2021-01-04 12:00:00,22.8078
2021-01-04 13:00:00,12.7394
2021-01-04 14:00:00,11.7185
2021-01-04 15:00:00,9.9803
2021-01-04 16:00:00,12.7762
2021-01-04 17:00:00,12.313699999999999
2021-01-04 18:00:00,7.3612
2021-01-04 19:00:00,3.1117
2021-01-04 20:00:00,4.8721000000000005
2021-01-04 21:00:00,8.769
2021-01-04 22:00:00,5.7194
2021-01-04 23:00:00,3.9707
2021-01-05 00:00:00,18.7651
2021-01-05 01:00:00,5.8655
2021-01-05 02:00:00,4.893
2021-01-05 03:00:00,3.0073
2021-01-05 04:00:00,5.5372
2021-01-05 05:00:00,4.6951
2021-01-05 06:00:00,5.5352
2021-01-05 07:00:00,4.9056
2021-01-05 08:00:00,2.9566999999999997
2021-01-05 09:00:00,7.389600000000001
2021-01-05 10:00:00,1.3822
2021-01-05 11:00:00,3.139
2021-01-05 12:00:00,14.7927
2021-01-05 13:00:00,6.3254
2021-01-05 14:00:00,7.8971
2021-01-05 15:00:00,11.12
2021-01-05 16:00:00,4.0289
2021-01-05 17:00:00,10.7924
2021-01-05 18:00:00,8.3824
2021-01-05 19:00:00,17.1368
2021-01-05 20:00:00,7.2214
2021-01-05 21:00:00,3.2663
2021-01-05 22:00:00,9.3145
2021-01-05 23:00:00,6.4906999999999995
2021-01-06 00:00:00,5.5404
2021-01-06 01:00:00,6.2195
2021-01-06 02:00:00,8.5667
2021-01-06 03:00:00,13.4115
2021-01-06 04:00:00,6.1057
2021-01-06 05:00:00,8.6352
2021-01-06 06:00:00,11.6335
2021-01-06 07:00:00,8.6855
2021-01-06 08:00:00,7.2158
2021-01-06 09:00:00,9.2317
2021-01-06 10:00:00,8.4191
2021-01-06 11:00:00,6.8204
2021-01-06 12:00:00,15.625300000000001
2021-01-06 13:00:00,10.1243
2021-01-06 14:00:00,8.9646
2021-01-06 15:00:00,10.0618
2021-01-06 16:00:00,12.9632
2021-01-06 17:00:00,10.1281
2021-01-06 18:00:00,15.1073
2021-01-06 19:00:00,12.6844
2021-01-06 20:00:00,8.6155
2021-01-06 21:00:00,5.6644
2021-01-06 22:00:00,7.3709
2021-01-06 23:00:00,8.732899999999999
2021-01-07 00:00:00,14.4474
2021-01-07 01:00:00,7.995699999999999
2021-01-07 02:00:00,10.1645
2021-01-07 03:00:00,8.6268
2021-01-07 04:00:00,6.3581
2021-01-07 05:00:00,5.441
2021-01-07 06:00:00,6.0679
2021-01-07 07:00:00,3.9779999999999998
2021-01-07 08:00:00,2.7203
2021-01-07 09:00:00,9.92
2021-01-07 10:00:00,7.1828
2021-01-07 11:00:00,7.4355
2021-01-07 12:00:00,9.7353
2021-01-07 13:00:00,18.1691
2021-01-07 14:00:00,19.2549
2021-01-07 15:00:00,13.0369
2021-01-07 16:00:00,13.8544
2021-01-07 17:00:00,11.7013
2021-01-07 18:00:00,10.418099999999999
2021-01-07 19:00:00,18.741
2021-01-07 20:00:00,7.1906
2021-01-07 21:00:00,9.6651
2021-01-07 22:00:00,12.487
2021-01-07 23:00:00,11.6819
2021-01-08 00:00:00,10.3394
2021-01-08 01:00:00,7.6307
2021-01-08 02:00:00,2.7647000000000004
2021-01-08 03:00:00,9.9248
2021-01-08 04:00:00,7.4681999999999995
2021-01-08 05:00:00,9.1368
2021-01-08 06:00:00,8.8717
2021-01-08 07:00:00,6.0227
2021-01-08 08:00:00,8.3339
2021-01-08 09:00:00,6.9807
2021-01-08 10:00:00,16.0215
2021-01-08 11:00:00,12.6472
2021-01-08 12:00:00,20.1467
2021-01-08 13:00:00,15.3213
2021-01-08 14:00:00,21.8099
2021-01-08 15:00:00,18.8948
2021-01-08 16:00:00,21.6892
2021-01-08 17:00:00,10.4821
2021-01-08 18:00:00,14.5564
2021-01-08 19:00:00,16.8983
2021-01-08 20:00:00,9.5007
2021-01-08 21:00:00,12.9063
2021-01-08 22:00:00,12.7198
2021-01-08 23:00:00,6.4445
2021-01-09 00:00:00,11.2117
2021-01-09 01:00:00,8.4623
2021-01-09 02:00:00,12.0792
2021-01-09 03:00:00,14.0656
2021-01-09 04:00:00,7.3475
2021-01-09 05:00:00,11.1662
2021-01-09 06:00:00,9.0967
2021-01-09 07:00:00,6.6728
2021-01-09 08:00:00,10.8227
2021-01-09 09:00:00,7.5487
2021-01-09 10:00:00,10.162700000000001
2021-01-09 11:00:00,12.768699999999999
2021-01-09 12:00:00,6.3348
2021-01-09 13:00:00,8.8966
2021-01-09 14:00:00,6.5482
2021-01-09 15:00:00,8.1413
2021-01-09 16:00:00,13.0195
2021-01-09 17:00:00,11.4976
2021-01-09 18:00:00,7.8705
2021-01-09 19:00:00,14.8267
2021-01-09 20:00:00,5.4372
2021-01-09 21:00:00,10.187100000000001
2021-01-09 22:00:00,10.8963
2021-01-09 23:00:00,8.4332
2021-01-10 00:00:00,7.1259
2021-01-10 01:00:00,14.2395
2021-01-10 02:00:00,4.1198
2021-01-10 03:00:00,3.1916
2021-01-10 04:00:00,8.7807
2021-01-10 05:00:00,7.2754
2021-01-10 06:00:00,6.6656
2021-01-10 07:00:00,9.9145
2021-01-10 08:00:00,6.6255999999999995
2021-01-10 09:00:00,7.1266
2021-01-10 10:00:00,1.2621
2021-01-10 11:00:00,6.1398
2021-01-10 12:00:00,4.942
2021-01-10 13:00:00,1.7879
2021-01-10 14:00:00,7.8048
2021-01-10 15:00:00,5.9928
2021-01-10 16:00:00,4.693
2021-01-10 17:00:00,1.2772000000000001
2021-01-10 18:00:00,7.8237
2021-01-10 19:00:00,3.7402
2021-01-10 20:00:00,6.704000000000001
2021-01-10 21:00:00,5.8805
2021-01-10 22:00:00,6.705
2021-01-10 23:00:00,10.6237
2021-01-11 00:00:00,6.8391
2021-01-11 01:00:00,5.6151
2021-01-11 02:00:00,8.3259
2021-01-11 03:00:00,8.3395
2021-01-11 04:00:00,5.5127999999999995
2021-01-11 05:00:00,6.9521
2021-01-11 06:00:00,-2.0237
2021-01-11 07:00:00,5.9307
2021-01-11 08:00:00,11.1027
2021-01-11 09:00:00,1.351
2021-01-11 10:00:00,4.1004000000000005
2021-01-11 11:00:00,2.0495
2021-01-11 12:00:00,4.7107
2021-01-11 13:00:00,-1.7131999999999998
2021-01-11 14:00:00,4.1383
2021-01-11 15:00:00,6.6946
2021-01-11 16:00:00,12.5967
2021-01-11 17:00:00,10.6548
2021-01-11 18:00:00,4.7871
2021-01-11 19:00:00,12.1073
2021-01-11 20:00:00,3.8856
2021-01-11 21:00:00,9.1891
2021-01-11 22:00:00,1.6273000000000002
2021-01-11 23:00:00,7.6724000000000006
2021-01-12 00:00:00,2.6529
2021-01-12 01:00:00,5.4269
2021-01-12 02:00:00,6.8209
2021-01-12 03:00:00,0.2559
2021-01-12 04:00:00,7.1406
2021-01-12 05:00:00,11.355500000000001
2021-01-12 06:00:00,5.6218
2021-01-12 07:00:00,4.0499
2021-01-12 08:00:00,1.7546
2021-01-12 09:00:00,3.7085
2021-01-12 10:00:00,6.7158
2021-01-12 11:00:00,5.0138
2021-01-12 12:00:00,11.5245
2021-01-12 13:00:00,4.5649
2021-01-12 14:00:00,5.1563
2021-01-12 15:00:00,4.811999999999999
2021-01-12 16:00:00,7.2776
2021-01-12 17:00:00,6.697
2021-01-12 18:00:00,14.854800000000001
2021-01-12 19:00:00,10.3352
2021-01-12 20:00:00,4.6757
2021-01-12 21:00:00,6.7865
2021-01-12 22:00:00,9.4314
2021-01-12 23:00:00,5.6897
2021-01-13 00:00:00,7.2418000000000005
2021-01-13 01:00:00,1.7144
2021-01-13 02:00:00,5.7021
2021-01-13 03:00:00,6.7783
2021-01-13 04:00:00,8.8541
2021-01-13 05:00:00,1.979
2021-01-13 06:00:00,6.3962
2021-01-13 07:00:00,6.3689
2021-01-13 08:00:00,1.3432000000000002
2021-01-13 09:00:00,10.451600000000001
2021-01-13 10:00:00,2.0487
2021-01-13 11:00:00,5.1672
2021-01-13 12:00:00,5.5544
2021-01-13 13:00:00,11.4643
2021-01-13 14:00:00,3.9142
2021-01-13 15:00:00,6.5870999999999995
2021-01-13 16:00:00,13.0626
2021-01-13 17:00:00,8.8341
2021-01-13 18:00:00,9.2604
2021-01-13 19:00:00,22.7979
2021-01-13 20:00:00,14.4661
2021-01-13 21:00:00,14.5818
2021-01-13 22:00:00,10.8712
2021-01-13 23:00:00,3.0422000000000002
2021-01-14 00:00:00,5.1346
2021-01-14 01:00:00,2.0987999999999998
2021-01-14 02:00:00,9.2113
2021-01-14 03:00:00,4.264
2021-01-14 04:00:00,0.9487000000000001
2021-01-14 05:00:00,8.6619
2021-01-14 06:00:00,4.0275
2021-01-14 07:00:00,3.7281999999999997
2021-01-14 08:00:00,2.7734
2021-01-14 09:00:00,6.0598
2021-01-14 10:00:00,3.7489
2021-01-14 11:00:00,3.5094000000000003
2021-01-14 12:00:00,13.0028
2021-01-14 13:00:00,9.1033
2021-01-14 14:00:00,15.7264
2021-01-14 15:00:00,14.3374
2021-01-14 16:00:00,14.0379
2021-01-14 17:00:00,4.6082
2021-01-14 18:00:00,14.0789
2021-01-14 19:00:00,10.8456
2021-01-14 20:00:00,5.8219
2021-01-14 21:00:00,7.604
2021-01-14 22:00:00,10.4734
2021-01-14 23:00:00,10.7406
2021-01-15 00:00:00,9.0904
2021-01-15 01:00:00,9.4139
2021-01-15 02:00:00,9.0389
2021-01-15 03:00:00,4.9087
2021-01-15 04:00:00,2.9833
2021-01-15 05:00:00,5.7433
2021-01-15 06:00:00,6.4866
2021-01-15 07:00:00,10.6977
2021-01-15 08:00:00,4.9561
2021-01-15 09:00:00,9.6715
2021-01-15 10:00:00,7.5365
2021-01-15 11:00:00,9.5498
2021-01-15 12:00:00,2.8699
2021-01-15 13:00:00,4.8182
2021-01-15 14:00:00,11.597
2021-01-15 15:00:00,10.5749
2021-01-15 16:00:00,9.7287
2021-01-15 17:00:00,15.4058
2021-01-15 18:00:00,10.32
2021-01-15 19:00:00,9.2101
2021-01-15 20:00:00,15.8068
2021-01-15 21:00:00,7.3790000000000004
2021-01-15 22:00:00,8.6664
2021-01-15 23:00:00,8.627
2021-01-16 00:00:00,7.8056
2021-01-16 01:00:00,4.5908
2021-01-16 02:00:00,0.7870999999999999
2021-01-16 03:00:00,4.5023
2021-01-16 04:00:00,3.8618
2021-01-16 05:00:00,1.2119
2021-01-16 06:00:00,9.643600000000001
2021-01-16 07:00:00,7.3506
2021-01-16 08:00:00,5.4649
2021-01-16 09:00:00,8.1439
2021-01-16 10:00:00,0.6996000000000002
2021-01-16 11:00:00,5.3772
2021-01-16 12:00:00,7.0607
2021-01-16 13:00:00,3.5961
2021-01-16 14:00:00,4.5234000000000005
2021-01-16 15:00:00,3.9976000000000003
2021-01-16 16:00:00,10.4457
2021-01-16 17:00:00,6.2317
2021-01-16 18:00:00,3.9872
2021-01-16 19:00:00,5.798
2021-01-16 20:00:00,6.1433
2021-01-16 21:00:00,6.5353
2021-01-16 22:00:00,8.304
2021-01-16 23:00:00,2.9021
2021-01-17 00:00:00,4.6906
2021-01-17 01:00:00,3.1786999999999996
2021-01-17 02:00:00,-0.7932999999999997
2021-01-17 03:00:00,4.2639000000000005
2021-01-17 04:00:00,4.0755
2021-01-17 05:00:00,2.2054
2021-01-17 06:00:00,1.2591
2021-01-17 07:00:00,3.1954000000000002
2021-01-17 08:00:00,6.2231
2021-01-17 09:00:00,2.0141
2021-01-17 10:00:00,0.13449999999999995
2021-01-17 11:00:00,6.0808
2021-01-17 12:00:00,2.3057
2021-01-17 13:00:00,5.1223
2021-01-17 14:00:00,5.1359
2021-01-17 15:00:00,5.864000000000001
2021-01-17 16:00:00,2.8947
2021-01-17 17:00:00,1.9068
2021-01-17 18:00:00,2.0169
2021-01-17 19:00:00,6.0619
2021-01-17 20:00:00,3.7378
2021-01-17 21:00:00,4.4676
2021-01-17 22:00:00,5.7495
2021-01-17 23:00:00,6.6745
2021-01-18 00:00:00,6.4704999999999995
2021-01-18 01:00:00,3.848
2021-01-18 02:00:00,2.6449
2021-01-18 03:00:00,0.9872000000000003
2021-01-18 04:00:00,4.0503
2021-01-18 05:00:00,5.7362
2021-01-18 06:00:00,-0.6015999999999999
2021-01-18 07:00:00,7.6452
2021-01-18 08:00:00,5.8065999999999995
2021-01-18 09:00:00,4.0516000000000005
2021-01-18 10:00:00,4.1791
2021-01-18 11:00:00,8.4336
2021-01-18 12:00:00,16.366600000000002
2021-01-18 13:00:00,10.8917
2021-01-18 14:00:00,5.651
2021-01-18 15:00:00,5.3546000000000005
2021-01-18 16:00:00,5.3433
2021-01-18 17:00:00,5.3727
2021-01-18 18:00:00,12.0756
2021-01-18 19:00:00,11.7563
2021-01-18 20:00:00,8.7086
2021-01-18 21:00:00,4.5239
2021-01-18 22:00:00,7.0222
2021-01-18 23:00:00,5.442200000000001
2021-01-19 00:00:00,11.0104
2021-01-19 01:00:00,79.4204
2021-01-19 02:00:00,83.491
2021-01-19 03:00:00,41.9128
2021-01-19 04:00:00,40.3126
2021-01-19 05:00:00,24.4897
2021-01-19 06:00:00,21.0641
2021-01-19 07:00:00,32.7349
2021-01-19 08:00:00,31.5952
2021-01-19 09:00:00,16.361
2021-01-19 10:00:00,16.9096
2021-01-19 11:00:00,18.6374
2021-01-19 12:00:00,17.4049
2021-01-19 13:00:00,32.78
2021-01-19 14:00:00,31.7299
2021-01-19 15:00:00,13.6332
2021-01-19 16:00:00,23.8619
2021-01-19 17:00:00,17.9801
2021-01-19 18:00:00,11.041
2021-01-19 19:00:00,14.1253
2021-01-19 20:00:00,15.7931
2021-01-19 21:00:00,10.5664
2021-01-19 22:00:00,8.6457
2021-01-19 23:00:00,20.311700000000002
2021-01-20 00:00:00,21.1077
2021-01-20 01:00:00,12.4861
2021-01-20 02:00:00,7.5054
2021-01-20 03:00:00,10.3798
2021-01-20 04:00:00,10.6539
2021-01-20 05:00:00,1.6755
2021-01-20 06:00:00,6.9192
2021-01-20 07:00:00,4.7077
2021-01-20 08:00:00,6.1764
2021-01-20 09:00:00,0.18569999999999998
2021-01-20 10:00:00,4.5411
2021-01-20 11:00:00,2.3033
2021-01-20 12:00:00,1.2044
2021-01-20 13:00:00,8.8764
2021-01-20 14:00:00,9.2922
2021-01-20 15:00:00,7.5013
2021-01-20 16:00:00,3.4694
2021-01-20 17:00:00,5.3553
2021-01-20 18:00:00,4.4709
2021-01-20 19:00:00,3.2494
2021-01-20 20:00:00,3.7045
2021-01-20 21:00:00,2.0202
2021-01-20 22:00:00,4.858099999999999
2021-01-20 23:00:00,9.9854
2021-01-21 00:00:00,2.8029
2021-01-21 01:00:00,10.0967
2021-01-21 02:00:00,3.8411
2021-01-21 03:00:00,5.6968
2021-01-21 04:00:00,0.5627000000000002
2021-01-21 05:00:00,0.4501
2021-01-21 06:00:00,2.0742000000000003
2021-01-21 07:00:00,3.6298
2021-01-21 08:00:00,3.7350000000000003
2021-01-21 09:00:00,6.6674
2021-01-21 10:00:00,-0.9716000000000001
2021-01-21 11:00:00,3.5027000000000004
2021-01-21 12:00:00,6.4889
2021-01-21 13:00:00,9.9292
2021-01-21 14:00:00,8.5449
2021-01-21 15:00:00,2.5947
2021-01-21 16:00:00,2.7791999999999994
2021-01-21 17:00:00,4.6536
2021-01-21 18:00:00,3.3676
2021-01-21 19:00:00,11.0364
2021-01-21 20:00:00,12.1017
2021-01-21 21:00:00,1.8902
2021-01-21 22:00:00,6.0727
2021-01-21 23:00:00,7.4124
2021-01-22 00:00:00,7.6379
2021-01-22 01:00:00,9.743
2021-01-22 02:00:00,3.5724
2021-01-22 03:00:00,3.2268
2021-01-22 04:00:00,3.4771
2021-01-22 05:00:00,3.6538
2021-01-22 06:00:00,-0.5030999999999999
2021-01-22 07:00:00,3.7016
2021-01-22 08:00:00,-0.013599999999999501
2021-01-22 09:00:00,3.2947
2021-01-22 10:00:00,6.3245000000000005
2021-01-22 11:00:00,-1.9858
2021-01-22 12:00:00,1.4632999999999998
2021-01-22 13:00:00,5.8329
2021-01-22 14:00:00,8.3768
2021-01-22 15:00:00,5.668
2021-01-22 16:00:00,1.0940000000000003
2021-01-22 17:00:00,8.9329
2021-01-22 18:00:00,2.6300999999999997
2021-01-22 19:00:00,7.3887
2021-01-22 20:00:00,12.4359
2021-01-22 21:00:00,0.6313000000000003
2021-01-22 22:00:00,2.2563
2021-01-22 23:00:00,1.7279
2021-01-23 00:00:00,3.9008
2021-01-23 01:00:00,0.6356999999999999
2021-01-23 02:00:00,2.2976
2021-01-23 03:00:00,5.41
2021-01-23 04:00:00,4.7533
2021-01-23 05:00:00,2.0825000000000005
2021-01-23 06:00:00,6.111800000000001
2021-01-23 07:00:00,3.0292000000000003
2021-01-23 08:00:00,5.5386999999999995
2021-01-23 09:00:00,1.3679999999999999
2021-01-23 10:00:00,1.2408
2021-01-23 11:00:00,7.8666
2021-01-23 12:00:00,2.976
2021-01-23 13:00:00,3.9913
2021-01-23 14:00:00,-0.262
2021-01-23 15:00:00,5.0513
2021-01-23 16:00:00,1.7337999999999996
2021-01-23 17:00:00,8.062
2021-01-23 18:00:00,4.366300000000001
2021-01-23 19:00:00,8.5647
2021-01-23 20:00:00,6.4165
2021-01-23 21:00:00,4.3791
2021-01-23 22:00:00,4.7913
2021-01-23 23:00:00,9.654
2021-01-24 00:00:00,4.7288
2021-01-24 01:00:00,7.0553
2021-01-24 02:00:00,4.2822000000000005
2021-01-24 03:00:00,3.6958
2021-01-24 04:00:00,2.6734999999999998
2021-01-24 05:00:00,3.9957
2021-01-24 06:00:00,4.9645
2021-01-24 07:00:00,4.4733
2021-01-24 08:00:00,6.8596
2021-01-24 09:00:00,1.3481
2021-01-24 10:00:00,6.075
2021-01-24 11:00:00,3.5213
2021-01-24 12:00:00,8.175
2021-01-24 13:00:00,4.4322
2021-01-24 14:00:00,0.24370000000000025
2021-01-24 15:00:00,4.4433
2021-01-24 16:00:00,4.1509
2021-01-24 17:00:00,9.3693
2021-01-24 18:00:00,-0.48400000000000015
2021-01-24 19:00:00,7.0197
2021-01-24 20:00:00,4.4624
2021-01-24 21:00:00,5.784
2021-01-24 22:00:00,6.991
2021-01-24 23:00:00,1.7956999999999996
2021-01-25 00:00:00,10.6704
2021-01-25 01:00:00,6.1687
2021-01-25 02:00:00,3.2534
2021-01-25 03:00:00,4.0803
2021-01-25 04:00:00,2.7598000000000003
2021-01-25 05:00:00,1.1352
2021-01-25 06:00:00,6.1501
2021-01-25 07:00:00,5.4056
2021-01-25 08:00:00,8.5933
2021-01-25 09:00:00,8.3531
2021-01-25 10:00:00,7.8469
2021-01-25 11:00:00,6.6311
2021-01-25 12:00:00,5.9826
2021-01-25 13:00:00,7.3853
2021-01-25 14:00:00,4.7814000000000005
2021-01-25 15:00:00,15.0452
2021-01-25 16:00:00,13.7567
2021-01-25 17:00:00,9.671199999999999
2021-01-25 18:00:00,8.2551
2021-01-25 19:00:00,8.2739
2021-01-25 20:00:00,7.6057999999999995
2021-01-25 21:00:00,5.3241
2021-01-25 22:00:00,6.1984
2021-01-25 23:00:00,6.1915000000000004
2021-01-26 00:00:00,11.7536
2021-01-26 01:00:00,2.0819
2021-01-26 02:00:00,6.2955
2021-01-26 03:00:00,9.825099999999999
2021-01-26 04:00:00,-0.08099999999999996
2021-01-26 05:00:00,7.292
2021-01-26 06:00:00,4.0934
2021-01-26 07:00:00,5.6197
2021-01-26 08:00:00,9.4903
2021-01-26 09:00:00,6.1678
2021-01-26 10:00:00,4.7664
2021-01-26 11:00:00,6.0382
2021-01-26 12:00:00,7.8741
2021-01-26 13:00:00,3.994
2021-01-26 14:00:00,9.7857
2021-01-26 15:00:00,6.6110999999999995
2021-01-26 16:00:00,5.3081
2021-01-26 17:00:00,9.4972
2021-01-26 18:00:00,8.3179
2021-01-26 19:00:00,6.2763
2021-01-26 20:00:00,1.7315
2021-01-26 21:00:00,4.7634
2021-01-26 22:00:00,3.7620000000000005
2021-01-26 23:00:00,1.5232999999999999
2021-01-27 00:00:00,4.9943
2021-01-27 01:00:00,2.5959
2021-01-27 02:00:00,4.9676
2021-01-27 03:00:00,4.0195
2021-01-27 04:00:00,5.932
2021-01-27 05:00:00,5.9946
2021-01-27 06:00:00,3.9358000000000004
2021-01-27 07:00:00,4.4088
2021-01-27 08:00:00,7.305400000000001
2021-01-27 09:00:00,4.924300000000001
2021-01-27 10:00:00,5.7894
2021-01-27 11:00:00,4.863
2021-01-27 12:00:00,4.6838999999999995
2021-01-27 13:00:00,5.1808000000000005
2021-01-27 14:00:00,14.281
2021-01-27 15:00:00,7.2858
2021-01-27 16:00:00,13.9499
2021-01-27 17:00:00,5.133500000000001
2021-01-27 18:00:00,4.916300000000001
2021-01-27 19:00:00,6.8578
2021-01-27 20:00:00,12.7951
2021-01-27 21:00:00,1.9112000000000002
2021-01-27 22:00:00,10.0694
2021-01-27 23:00:00,5.8786
2021-01-28 00:00:00,2.2150000000000003
2021-01-28 01:00:00,3.2822
2021-01-28 02:00:00,-0.17070000000000013
2021-01-28 03:00:00,9.0729
2021-01-28 04:00:00,4.3475
2021-01-28 05:00:00,3.9325
2021-01-28 06:00:00,13.614700000000001
2021-01-28 07:00:00,6.811
2021-01-28 08:00:00,4.6482
2021-01-28 09:00:00,6.4404
2021-01-28 10:00:00,2.7297
2021-01-28 11:00:00,3.6836
2021-01-28 12:00:00,4.504300000000001
2021-01-28 13:00:00,11.3902
2021-01-28 14:00:00,11.1366
2021-01-28 15:00:00,8.2179
2021-01-28 16:00:00,6.76
2021-01-28 17:00:00,13.6957
2021-01-28 18:00:00,10.219899999999999
2021-01-28 19:00:00,6.0615000000000006
2021-01-28 20:00:00,14.3565
2021-01-28 21:00:00,8.2827
2021-01-28 22:00:00,20.9508
2021-01-28 23:00:00,12.0495
2021-01-29 00:00:00,16.0041
2021-01-29 01:00:00,4.6843
2021-01-29 02:00:00,15.279
2021-01-29 03:00:00,13.866
2021-01-29 04:00:00,8.0262
2021-01-29 05:00:00,16.2881
2021-01-29 06:00:00,11.2714
2021-01-29 07:00:00,10.3923
2021-01-29 08:00:00,6.914199999999999
2021-01-29 09:00:00,19.8975
2021-01-29 10:00:00,8.0805
2021-01-29 11:00:00,16.6698
2021-01-29 12:00:00,17.3702
2021-01-29 13:00:00,18.3321
2021-01-29 14:00:00,14.0134
2021-01-29 15:00:00,24.6807
2021-01-29 16:00:00,11.9327
2021-01-29 17:00:00,11.8994
2021-01-29 18:00:00,17.6798
2021-01-29 19:00:00,14.3752
2021-01-29 20:00:00,8.3037
2021-01-29 21:00:00,7.7519
2021-01-29 22:00:00,10.8881
2021-01-29 23:00:00,6.443600000000001
2021-01-30 00:00:00,7.8494
2021-01-30 01:00:00,12.622300000000001
2021-01-30 02:00:00,8.8957
2021-01-30 03:00:00,8.522
2021-01-30 04:00:00,7.8626000000000005
2021-01-30 05:00:00,1.5114
2021-01-30 06:00:00,10.3824
2021-01-30 07:00:00,5.1856
2021-01-30 08:00:00,2.5292
2021-01-30 09:00:00,-0.7761000000000001
2021-01-30 10:00:00,8.6063
2021-01-30 11:00:00,5.0139
2021-01-30 12:00:00,6.2171
2021-01-30 13:00:00,6.2628
2021-01-30 14:00:00,9.5867
2021-01-30 15:00:00,8.7035
2021-01-30 16:00:00,5.761
2021-01-30 17:00:00,7.618799999999999
2021-01-30 18:00:00,6.2645
2021-01-30 19:00:00,3.3336
2021-01-30 20:00:00,7.6287
2021-01-30 21:00:00,12.2093
2021-01-30 22:00:00,5.9945
2021-01-30 23:00:00,2.5855
2021-01-31 00:00:00,8.1193
2021-01-31 01:00:00,8.828199999999999
2021-01-31 02:00:00,4.3026
2021-01-31 03:00:00,7.7052
2021-01-31 04:00:00,3.8703
2021-01-31 05:00:00,5.8002
2021-01-31 06:00:00,0.7685
2021-01-31 07:00:00,1.3842999999999999
2021-01-31 08:00:00,8.052
2021-01-31 09:00:00,7.0604
2021-01-31 10:00:00,5.1575
2021-01-31 11:00:00,3.6705
2021-01-31 12:00:00,3.9553
2021-01-31 13:00:00,2.4557
2021-01-31 14:00:00,6.0207999999999995
2021-01-31 15:00:00,5.7442
2021-01-31 16:00:00,3.9481
2021-01-31 17:00:00,14.3709
2021-01-31 18:00:00,17.7676
2021-01-31 19:00:00,5.9762
2021-01-31 20:00:00,11.5932
2021-01-31 21:00:00,13.1793
2021-01-31 22:00:00,15.5147
2021-01-31 23:00:00,8.4491
2021-02-01 00:00:00,2.6084
2021-02-01 01:00:00,8.9088
2021-02-01 02:00:00,3.6196
2021-02-01 03:00:00,7.7361
2021-02-01 04:00:00,8.6461
2021-02-01 05:00:00,7.1739999999999995
2021-02-01 06:00:00,16.6775
2021-02-01 07:00:00,10.8594
2021-02-01 08:00:00,11.3188
2021-02-01 09:00:00,13.6889
2021-02-01 10:00:00,12.8469
2021-02-01 11:00:00,7.9232000000000005
2021-02-01 12:00:00,9.38
2021-02-01 13:00:00,7.6491999999999996
2021-02-01 14:00:00,9.7902
2021-02-01 15:00:00,9.1242
2021-02-01 16:00:00,6.9978
2021-02-01 17:00:00,10.0839
2021-02-01 18:00:00,8.504900000000001
2021-02-01 19:00:00,13.3101
2021-02-01 20:00:00,7.8366
2021-02-01 21:00:00,11.6434
2021-02-01 22:00:00,11.7155
2021-02-01 23:00:00,2.3769000000000005
2021-02-02 00:00:00,11.163
2021-02-02 01:00:00,8.3307
2021-02-02 02:00:00,1.5303
2021-02-02 03:00:00,3.3852
2021-02-02 04:00:00,6.9795
2021-02-02 05:00:00,4.2959
2021-02-02 06:00:00,8.8207
2021-02-02 07:00:00,5.6207
2021-02-02 08:00:00,6.0035
2021-02-02 09:00:00,10.8589
2021-02-02 10:00:00,5.1888000000000005
2021-02-02 11:00:00,9.6761
2021-02-02 12:00:00,10.0875
2021-02-02 13:00:00,7.5908999999999995
2021-02-02 14:00:00,16.2996
2021-02-02 15:00:00,9.9476
2021-02-02 16:00:00,10.7282
2021-02-02 17:00:00,4.9460999999999995
2021-02-02 18:00:00,18.8278
2021-02-02 19:00:00,7.6052
2021-02-02 20:00:00,2.6407000000000003
2021-02-02 21:00:00,8.4155
2021-02-02 22:00:00,10.262599999999999
2021-02-02 23:00:00,6.4397
2021-02-03 00:00:00,8.7578
2021-02-03 01:00:00,10.3898
2021-02-03 02:00:00,6.6271
2021-02-03 03:00:00,6.8111
2021-02-03 04:00:00,12.2636
2021-02-03 05:00:00,7.0289
2021-02-03 06:00:00,7.667800000000001
2021-02-03 07:00:00,11.8827
2021-02-03 08:00:00,12.6597
2021-02-03 09:00:00,7.3397
2021-02-03 10:00:00,7.5014
2021-02-03 11:00:00,3.287
2021-02-03 12:00:00,9.1833
2021-02-03 13:00:00,11.0131
2021-02-03 14:00:00,12.3916
2021-02-03 15:00:00,12.8482
2021-02-03 16:00:00,10.4706
2021-02-03 17:00:00,6.3405000000000005
2021-02-03 18:00:00,13.031600000000001
2021-02-03 19:00:00,4.0174
2021-02-03 20:00:00,5.2993999999999994
2021-02-03 21:00:00,2.3855000000000004
2021-02-03 22:00:00,8.3269
2021-02-03 23:00:00,9.454699999999999
2021-02-04 00:00:00,8.3579
2021-02-04 01:00:00,5.6975
2021-02-04 02:00:00,3.0472
2021-02-04 03:00:00,10.3498
2021-02-04 04:00:00,3.8925
2021-02-04 05:00:00,8.8224
2021-02-04 06:00:00,8.4192
2021-02-04 07:00:00,2.4045
2021-02-04 08:00:00,5.927
2021-02-04 09:00:00,6.7873
2021-02-04 10:00:00,7.2116
2021-02-04 11:00:00,6.069100000000001
2021-02-04 12:00:00,13.4585
2021-02-04 13:00:00,13.4623
2021-02-04 14:00:00,12.668
2021-02-04 15:00:00,6.852
2021-02-04 16:00:00,11.8287
2021-02-04 17:00:00,3.2029
2021-02-04 18:00:00,8.1995
2021-02-04 19:00:00,10.418800000000001
2021-02-04 20:00:00,14.0452
2021-02-04 21:00:00,9.7459
2021-02-04 22:00:00,10.8118
2021-02-04 23:00:00,9.8859
2021-02-05 00:00:00,5.2153
2021-02-05 01:00:00,10.3161
2021-02-05 02:00:00,5.2025
2021-02-05 03:00:00,5.9606
2021-02-05 04:00:00,4.3402
2021-02-05 05:00:00,6.7862
2021-02-05 06:00:00,5.9817
2021-02-05 07:00:00,5.0194
2021-02-05 08:00:00,4.4885
2021-02-05 09:00:00,6.0603
2021-02-05 10:00:00,5.1286
2021-02-05 11:00:00,5.6894
2021-02-05 12:00:00,5.7330000000000005
2021-02-05 13:00:00,5.6104
2021-02-05 14:00:00,5.8997
2021-02-05 15:00:00,4.3286999999999995
2021-02-05 16:00:00,14.381400000000001
2021-02-05 17:00:00,1.6256000000000004
2021-02-05 18:00:00,8.1263
2021-02-05 19:00:00,7.0008
2021-02-05 20:00:00,15.7466
2021-02-05 21:00:00,6.2315000000000005
2021-02-05 22:00:00,5.6341
2021-02-05 23:00:00,5.3755999999999995
2021-02-06 00:00:00,4.2623
2021-02-06 01:00:00,7.1378
2021-02-06 02:00:00,1.4974000000000003
2021-02-06 03:00:00,11.2094
2021-02-06 04:00:00,3.2219
2021-02-06 05:00:00,5.6957
2021-02-06 06:00:00,-1.1714000000000002
2021-02-06 07:00:00,3.438
2021-02-06 08:00:00,3.6465
2021-02-06 09:00:00,1.5848000000000002
2021-02-06 10:00:00,1.2488000000000004
2021-02-06 11:00:00,9.839500000000001
2021-02-06 12:00:00,5.439
2021-02-06 13:00:00,13.3902
2021-02-06 14:00:00,11.632200000000001
2021-02-06 15:00:00,15.2319
2021-02-06 16:00:00,13.6705
2021-02-06 17:00:00,15.2959
2021-02-06 18:00:00,12.6075
2021-02-06 19:00:00,4.3346
2021-02-06 20:00:00,1.3367
2021-02-06 21:00:00,13.5466
2021-02-06 22:00:00,5.907900000000001
2021-02-06 23:00:00,4.0905
2021-02-07 00:00:00,9.1717
2021-02-07 01:00:00,13.8901
2021-02-07 02:00:00,2.4193000000000002
2021-02-07 03:00:00,1.6461000000000001
2021-02-07 04:00:00,5.3775
2021-02-07 05:00:00,4.396599999999999
2021-02-07 06:00:00,4.9261
2021-02-07 07:00:00,4.5656
2021-02-07 08:00:00,8.2287
2021-02-07 09:00:00,4.0513
2021-02-07 10:00:00,11.3342
2021-02-07 11:00:00,4.8729000000000005
2021-02-07 12:00:00,7.2014
2021-02-07 13:00:00,5.9768
2021-02-07 14:00:00,11.6601
2021-02-07 15:00:00,10.7493
2021-02-07 16:00:00,15.8246
2021-02-07 17:00:00,12.4928
2021-02-07 18:00:00,7.5237
2021-02-07 19:00:00,15.790799999999999
2021-02-07 20:00:00,5.0251
2021-02-07 21:00:00,9.6416
2021-02-07 22:00:00,2.0543
2021-02-07 23:00:00,2.5370999999999997
2021-02-08 00:00:00,5.7224
2021-02-08 01:00:00,9.4987
2021-02-08 02:00:00,1.2899999999999998
2021-02-08 03:00:00,0.5426
2021-02-08 04:00:00,4.9652
2021-02-08 05:00:00,6.0483
2021-02-08 06:00:00,7.1515
2021-02-08 07:00:00,10.185500000000001
2021-02-08 08:00:00,8.6884
2021-02-08 09:00:00,10.4293
2021-02-08 10:00:00,1.9849
2021-02-08 11:00:00,5.3999
2021-02-08 12:00:00,15.6381
2021-02-08 13:00:00,80.528
2021-02-08 14:00:00,46.3113
2021-02-08 15:00:00,39.1559
2021-02-08 16:00:00,26.4346
2021-02-08 17:00:00,26.4945
2021-02-08 18:00:00,25.0705
2021-02-08 19:00:00,18.1743
2021-02-08 20:00:00,28.097
2021-02-08 21:00:00,20.8676
2021-02-08 22:00:00,25.930500000000002
2021-02-08 23:00:00,22.3934
2021-02-09 00:00:00,29.2083
2021-02-09 01:00:00,9.7829
2021-02-09 02:00:00,16.2701
2021-02-09 03:00:00,11.9757
2021-02-09 04:00:00,7.8502
2021-02-09 05:00:00,11.9695
2021-02-09 06:00:00,8.0443
2021-02-09 07:00:00,15.4129
2021-02-09 08:00:00,14.6657
2021-02-09 09:00:00,3.8202999999999996
2021-02-09 10:00:00,7.7902
2021-02-09 11:00:00,12.5678
2021-02-09 12:00:00,16.2583
2021-02-09 13:00:00,21.4487
2021-02-09 14:00:00,21.9338
2021-02-09 15:00:00,16.3999
2021-02-09 16:00:00,13.845
2021-02-09 17:00:00,17.3446
2021-02-09 18:00:00,12.4011
2021-02-09 19:00:00,16.4675
2021-02-09 20:00:00,14.3528
2021-02-09 21:00:00,8.0046
2021-02-09 22:00:00,10.2485
2021-02-09 23:00:00,8.4439
2021-02-10 00:00:00,9.9009
2021-02-10 01:00:00,4.2818
2021-02-10 02:00:00,5.0024999999999995
2021-02-10 03:00:00,8.2485
2021-02-10 04:00:00,8.6171
2021-02-10 05:00:00,3.2795
2021-02-10 06:00:00,8.0108
2021-02-10 07:00:00,4.7244
2021-02-10 08:00:00,5.8056
2021-02-10 09:00:00,7.5711
2021-02-10 10:00:00,8.2332
2021-02-10 11:00:00,17.1968
2021-02-10 12:00:00,16.7697
2021-02-10 13:00:00,13.3118
2021-02-10 14:00:00,16.8458
2021-02-10 15:00:00,27.1828
2021-02-10 16:00:00,11.423
2021-02-10 17:00:00,14.2958
2021-02-10 18:00:00,15.385
2021-02-10 19:00:00,10.8538
2021-02-10 20:00:00,13.1202
2021-02-10 21:00:00,7.6447
2021-02-10 22:00:00,10.9543
2021-02-10 23:00:00,11.4068
2021-02-11 00:00:00,7.3808
2021-02-11 01:00:00,9.3899
2021-02-11 02:00:00,10.1878
2021-02-11 03:00:00,7.0455
2021-02-11 04:00:00,6.8778
2021-02-11 05:00:00,10.6626
2021-02-11 06:00:00,13.0261
2021-02-11 07:00:00,9.711
2021-02-11 08:00:00,4.8304
2021-02-11 09:00:00,10.8346
2021-02-11 10:00:00,6.6028
2021-02-11 11:00:00,10.8008
2021-02-11 12:00:00,8.488
2021-02-11 13:00:00,10.6529
2021-02-11 14:00:00,20.5295
2021-02-11 15:00:00,16.1331
2021-02-11 16:00:00,16.7718
2021-02-11 17:00:00,10.5365
2021-02-11 18:00:00,11.713799999999999
2021-02-11 19:00:00,7.659599999999999
2021-02-11 20:00:00,16.1554
2021-02-11 21:00:00,5.2688
2021-02-11 22:00:00,1.2916000000000003
2021-02-11 23:00:00,4.2578000000000005
2021-02-12 00:00:00,11.3337
2021-02-12 01:00:00,4.7057
2021-02-12 02:00:00,4.4045000000000005
2021-02-12 03:00:00,6.7752
2021-02-12 04:00:00,6.7769
2021-02-12 05:00:00,4.4347
2021-02-12 06:00:00,7.4877
2021-02-12 07:00:00,5.739
2021-02-12 08:00:00,8.6838
2021-02-12 09:00:00,5.9879
2021-02-12 10:00:00,9.3659
2021-02-12 11:00:00,5.0248
2021-02-12 12:00:00,9.5369
2021-02-12 13:00:00,11.5063
2021-02-12 14:00:00,7.3327
2021-02-12 15:00:00,11.9041
2021-02-12 16:00:00,12.8834
2021-02-12 17:00:00,9.406
2021-02-12 18:00:00,16.445
2021-02-12 19:00:00,10.9456
2021-02-12 20:00:00,12.098600000000001
2021-02-12 21:00:00,10.3903
2021-02-12 22:00:00,16.028
2021-02-12 23:00:00,7.0262
2021-02-13 00:00:00,10.2444
2021-02-13 01:00:00,6.218500000000001
2021-02-13 02:00:00,7.7294
2021-02-13 03:00:00,4.870900000000001
2021-02-13 04:00:00,6.4683
2021-02-13 05:00:00,8.8488
2021-02-13 06:00:00,10.3476
2021-02-13 07:00:00,6.689
2021-02-13 08:00:00,6.4582
2021-02-13 09:00:00,6.337
2021-02-13 10:00:00,10.3386
2021-02-13 11:00:00,6.2854
2021-02-13 12:00:00,5.5109
2021-02-13 13:00:00,9.4449
2021-02-13 14:00:00,11.0993
2021-02-13 15:00:00,15.1347
2021-02-13 16:00:00,8.3738
2021-02-13 17:00:00,0.6816
2021-02-13 18:00:00,5.9648
2021-02-13 19:00:00,9.3647
2021-02-13 20:00:00,4.12
2021-02-13 21:00:00,4.8419
2021-02-13 22:00:00,7.5292
2021-02-13 23:00:00,6.0063
2021-02-14 00:00:00,6.5145
2021-02-14 01:00:00,2.5007
2021-02-14 02:00:00,9.9705
2021-02-14 03:00:00,5.4958
2021-02-14 04:00:00,6.0645999999999995
2021-02-14 05:00:00,11.8142
2021-02-14 06:00:00,7.9487000000000005
2021-02-14 07:00:00,9.5075
2021-02-14 08:00:00,5.9896
2021-02-14 09:00:00,9.937100000000001
2021-02-14 10:00:00,10.9251
2021-02-14 11:00:00,4.978000000000001
2021-02-14 12:00:00,8.6106
2021-02-14 13:00:00,13.212
2021-02-14 14:00:00,14.4896
2021-02-14 15:00:00,9.1896
2021-02-14 16:00:00,12.8065
2021-02-14 17:00:00,11.3024
2021-02-14 18:00:00,12.619299999999999
2021-02-14 19:00:00,8.3994
2021-02-14 20:00:00,13.3408
2021-02-14 21:00:00,2.6536
2021-02-14 22:00:00,8.4366
2021-02-14 23:00:00,12.501900000000001
2021-02-15 00:00:00,11.3289
2021-02-15 01:00:00,8.0945
2021-02-15 02:00:00,6.9421
2021-02-15 03:00:00,11.056
2021-02-15 04:00:00,6.926200000000001
2021-02-15 05:00:00,5.327400000000001
2021-02-15 06:00:00,12.3853
2021-02-15 07:00:00,6.7897
2021-02-15 08:00:00,10.4833
2021-02-15 09:00:00,7.6872
2021-02-15 10:00:00,10.3688
2021-02-15 11:00:00,3.3603
2021-02-15 12:00:00,10.817400000000001
2021-02-15 13:00:00,5.9503
2021-02-15 14:00:00,6.8166
2021-02-15 15:00:00,16.4185
2021-02-15 16:00:00,7.3331
2021-02-15 17:00:00,10.921
2021-02-15 18:00:00,12.3753
2021-02-15 19:00:00,13.0697
2021-02-15 20:00:00,4.0457
2021-02-15 21:00:00,7.5368
2021-02-15 22:00:00,9.6529
2021-02-15 23:00:00,9.6715
2021-02-16 00:00:00,11.4397
2021-02-16 01:00:00,7.581300000000001
2021-02-16 02:00:00,5.1711
2021-02-16 03:00:00,5.8112
2021-02-16 04:00:00,11.2055
2021-02-16 05:00:00,9.9622
2021-02-16 06:00:00,14.2317
2021-02-16 07:00:00,12.694
2021-02-16 08:00:00,6.6336
2021-02-16 09:00:00,5.4246
2021-02-16 10:00:00,11.3066
2021-02-16 11:00:00,7.643599999999999
2021-02-16 12:00:00,14.2572
2021-02-16 13:00:00,11.161200000000001
2021-02-16 14:00:00,16.0104
2021-02-16 15:00:00,18.9455
2021-02-16 16:00:00,17.3987
2021-02-16 17:00:00,11.189499999999999
2021-02-16 18:00:00,10.2525
2021-02-16 19:00:00,10.123
2021-02-16 20:00:00,10.597900000000001
2021-02-16 21:00:00,9.102
2021-02-16 22:00:00,13.3891
2021-02-16 23:00:00,4.9958
2021-02-17 00:00:00,11.7414
2021-02-17 01:00:00,12.46
2021-02-17 02:00:00,8.1539
2021-02-17 03:00:00,6.1379
2021-02-17 04:00:00,9.1055
2021-02-17 05:00:00,9.321200000000001
2021-02-17 06:00:00,6.1472
2021-02-17 07:00:00,10.5853
2021-02-17 08:00:00,11.898
2021-02-17 09:00:00,12.3887
2021-02-17 10:00:00,12.0754
2021-02-17 11:00:00,15.1872
2021-02-17 12:00:00,10.1204
2021-02-17 13:00:00,17.1002
2021-02-17 14:00:00,10.045300000000001
2021-02-17 15:00:00,15.6409
2021-02-17 16:00:00,6.7418
2021-02-17 17:00:00,14.6687
2021-02-17 18:00:00,18.665
2021-02-17 19:00:00,10.8317
2021-02-17 20:00:00,11.8209
2021-02-17 21:00:00,22.2756
2021-02-17 22:00:00,18.7799
2021-02-17 23:00:00,12.023
2021-02-18 00:00:00,10.6289
2021-02-18 01:00:00,5.1951
2021-02-18 02:00:00,7.5767
2021-02-18 03:00:00,8.1515
2021-02-18 04:00:00,7.94
2021-02-18 05:00:00,6.8517
2021-02-18 06:00:00,8.3857
2021-02-18 07:00:00,5.229
2021-02-18 08:00:00,9.5831
2021-02-18 09:00:00,3.4377000000000004
2021-02-18 10:00:00,2.8838
2021-02-18 11:00:00,3.9055
2021-02-18 12:00:00,7.7402999999999995
2021-02-18 13:00:00,5.4750000000000005
2021-02-18 14:00:00,10.3063
2021-02-18 15:00:00,5.2848999999999995
2021-02-18 16:00:00,14.5155
2021-02-18 17:00:00,13.5132
2021-02-18 18:00:00,12.2197
2021-02-18 19:00:00,8.7067
2021-02-18 20:00:00,9.7572
2021-02-18 21:00:00,8.4042
2021-02-18 22:00:00,9.4529
2021-02-18 23:00:00,4.4067
2021-02-19 00:00:00,7.7058
2021-02-19 01:00:00,8.7884
2021-02-19 02:00:00,5.9284
2021-02-19 03:00:00,17.000799999999998
2021-02-19 04:00:00,8.4302
2021-02-19 05:00:00,8.753
2021-02-19 06:00:00,5.7684
2021-02-19 07:00:00,5.468
2021-02-19 08:00:00,9.6025
2021-02-19 09:00:00,6.4429
2021-02-19 10:00:00,12.0061
2021-02-19 11:00:00,3.5165
2021-02-19 12:00:00,9.7916
2021-02-19 13:00:00,4.2255
2021-02-19 14:00:00,15.3946
2021-02-19 15:00:00,20.549
2021-02-19 16:00:00,29.7941
2021-02-19 17:00:00,24.3964
2021-02-19 18:00:00,17.5217
2021-02-19 19:00:00,22.9093
2021-02-19 20:00:00,13.9042
2021-02-19 21:00:00,15.915
2021-02-19 22:00:00,18.5765
2021-02-19 23:00:00,14.9733
2021-02-20 00:00:00,13.8649
2021-02-20 01:00:00,10.7976
2021-02-20 02:00:00,8.6343
2021-02-20 03:00:00,10.6096
2021-02-20 04:00:00,9.2377
2021-02-20 05:00:00,15.4811
2021-02-20 06:00:00,12.451600000000001
2021-02-20 07:00:00,2.5206
2021-02-20 08:00:00,13.841
2021-02-20 09:00:00,11.064
2021-02-20 10:00:00,9.406600000000001
2021-02-20 11:00:00,11.9286
2021-02-20 12:00:00,12.4378
2021-02-20 13:00:00,11.1071
2021-02-20 14:00:00,17.6009
2021-02-20 15:00:00,14.705
2021-02-20 16:00:00,15.8307
2021-02-20 17:00:00,12.4043
2021-02-20 18:00:00,13.1363
2021-02-20 19:00:00,19.3868
2021-02-20 20:00:00,18.3352
2021-02-20 21:00:00,8.5922
2021-02-20 22:00:00,7.594
2021-02-20 23:00:00,11.4257
2021-02-21 00:00:00,13.5922
2021-02-21 01:00:00,4.7681000000000004
2021-02-21 02:00:00,13.7159
2021-02-21 03:00:00,11.074200000000001
2021-02-21 04:00:00,3.848
2021-02-21 05:00:00,4.3922
2021-02-21 06:00:00,5.771100000000001
2021-02-21 07:00:00,10.2322
2021-02-21 08:00:00,7.6438
2021-02-21 09:00:00,4.0412
2021-02-21 10:00:00,8.7454
2021-02-21 11:00:00,7.6889
2021-02-21 12:00:00,8.7032
2021-02-21 13:00:00,9.5056
2021-02-21 14:00:00,14.0932
2021-02-21 15:00:00,16.5641
2021-02-21 16:00:00,14.1356
2021-02-21 17:00:00,14.693
2021-02-21 18:00:00,12.9071
2021-02-21 19:00:00,17.5964
2021-02-21 20:00:00,14.1893
2021-02-21 21:00:00,13.9041
2021-02-21 22:00:00,17.450499999999998
2021-02-21 23:00:00,14.8773
2021-02-22 00:00:00,8.209900000000001
2021-02-22 01:00:00,11.764800000000001
2021-02-22 02:00:00,15.7112
2021-02-22 03:00:00,5.0863
2021-02-22 04:00:00,5.9453
2021-02-22 05:00:00,9.6682
2021-02-22 06:00:00,6.691000000000001
2021-02-22 07:00:00,3.8908
2021-02-22 08:00:00,9.4387
2021-02-22 09:00:00,9.7302
2021-02-22 10:00:00,9.181700000000001
2021-02-22 11:00:00,9.1365
2021-02-22 12:00:00,11.0514
2021-02-22 13:00:00,12.1622
2021-02-22 14:00:00,15.990400000000001
2021-02-22 15:00:00,12.8027
2021-02-22 16:00:00,13.789
2021-02-22 17:00:00,11.7401
2021-02-22 18:00:00,7.1469
2021-02-22 19:00:00,15.3317
2021-02-22 20:00:00,9.8591
2021-02-22 21:00:00,8.5653
2021-02-22 22:00:00,16.639499999999998
2021-02-22 23:00:00,9.5506
2021-02-23 00:00:00,10.413
2021-02-23 01:00:00,7.6369
2021-02-23 02:00:00,8.1936
2021-02-23 03:00:00,9.3492
2021-02-23 04:00:00,3.2948
2021-02-23 05:00:00,11.5508
2021-02-23 06:00:00,6.3348
2021-02-23 07:00:00,7.7353000000000005
2021-02-23 08:00:00,12.0975
2021-02-23 09:00:00,3.4657
2021-02-23 10:00:00,1.9223000000000001
2021-02-23 11:00:00,5.2097
2021-02-23 12:00:00,8.3143
2021-02-23 13:00:00,8.1541
2021-02-23 14:00:00,16.0627
2021-02-23 15:00:00,20.4517
2021-02-23 16:00:00,15.6167
2021-02-23 17:00:00,12.6053
2021-02-23 18:00:00,11.329
2021-02-23 19:00:00,7.1492
2021-02-23 20:00:00,3.1976
2021-02-23 21:00:00,6.2786
2021-02-23 22:00:00,16.445
2021-02-23 23:00:00,28.6343
2021-02-24 00:00:00,7.2792
2021-02-24 01:00:00,15.0136
2021-02-24 02:00:00,18.5533
2021-02-24 03:00:00,10.9595
2021-02-24 04:00:00,2.9759
2021-02-24 05:00:00,13.9458
2021-02-24 06:00:00,7.5903
2021-02-24 07:00:00,23.1604
2021-02-24 08:00:00,12.292300000000001
2021-02-24 09:00:00,11.3343
2021-02-24 10:00:00,11.8226
2021-02-24 11:00:00,12.2995
2021-02-24 12:00:00,16.6688
2021-02-24 13:00:00,8.5663
2021-02-24 14:00:00,10.0975
2021-02-24 15:00:00,23.9018
2021-02-24 16:00:00,12.1264
2021-02-24 17:00:00,18.8208
2021-02-24 18:00:00,20.5225
2021-02-24 19:00:00,19.2622
2021-02-24 20:00:00,17.2343
2021-02-24 21:00:00,10.9116
2021-02-24 22:00:00,21.5457
2021-02-24 23:00:00,8.384500000000001
2021-02-25 00:00:00,8.4651
2021-02-25 01:00:00,10.5813
2021-02-25 02:00:00,9.4694
2021-02-25 03:00:00,16.6983
2021-02-25 04:00:00,6.440300000000001
2021-02-25 05:00:00,12.1953
2021-02-25 06:00:00,6.6896
2021-02-25 07:00:00,11.1062
2021-02-25 08:00:00,9.0244
2021-02-25 09:00:00,7.222
2021-02-25 10:00:00,10.2624
2021-02-25 11:00:00,14.6799
2021-02-25 12:00:00,11.6723
2021-02-25 13:00:00,9.2491
2021-02-25 14:00:00,10.5736
2021-02-25 15:00:00,14.6338
2021-02-25 16:00:00,15.427200000000001
2021-02-25 17:00:00,9.5281
2021-02-25 18:00:00,7.7713
2021-02-25 19:00:00,16.784200000000002
2021-02-25 20:00:00,5.9559999999999995
2021-02-25 21:00:00,9.4397
2021-02-25 22:00:00,13.0434
2021-02-25 23:00:00,9.8474
2021-02-26 00:00:00,9.3655
2021-02-26 01:00:00,9.0992
2021-02-26 02:00:00,12.6703
2021-02-26 03:00:00,4.6231
2021-02-26 04:00:00,10.083400000000001
2021-02-26 05:00:00,10.4658
2021-02-26 06:00:00,6.7849
2021-02-26 07:00:00,4.198099999999999
2021-02-26 08:00:00,13.8088
2021-02-26 09:00:00,5.1685
2021-02-26 10:00:00,6.2069
2021-02-26 11:00:00,5.5062
2021-02-26 12:00:00,11.1532
2021-02-26 13:00:00,7.6135
2021-02-26 14:00:00,12.1152
2021-02-26 15:00:00,5.9879
2021-02-26 16:00:00,2.4813
2021-02-26 17:00:00,10.1724
2021-02-26 18:00:00,11.9951
2021-02-26 19:00:00,12.6736
2021-02-26 20:00:00,9.0063
2021-02-26 21:00:00,10.478
2021-02-26 22:00:00,9.292
2021-02-26 23:00:00,-0.11309999999999992
2021-02-27 00:00:00,5.5347
2021-02-27 01:00:00,10.629
2021-02-27 02:00:00,5.1289
2021-02-27 03:00:00,9.208
2021-02-27 04:00:00,10.9753
2021-02-27 05:00:00,7.8498
2021-02-27 06:00:00,12.9231
2021-02-27 07:00:00,6.4566
2021-02-27 08:00:00,3.3615
2021-02-27 09:00:00,9.9599
2021-02-27 10:00:00,2.364
2021-02-27 11:00:00,8.8117
2021-02-27 12:00:00,5.567200000000001
2021-02-27 13:00:00,8.4497
2021-02-27 14:00:00,8.0719
2021-02-27 15:00:00,6.009
2021-02-27 16:00:00,13.2465
2021-02-27 17:00:00,8.3613
2021-02-27 18:00:00,4.5093
2021-02-27 19:00:00,12.6288
2021-02-27 20:00:00,10.2017
2021-02-27 21:00:00,9.999
2021-02-27 22:00:00,4.0115
2021-02-27 23:00:00,9.1702
2021-02-28 00:00:00,3.7607
2021-02-28 01:00:00,0.8475000000000001
2021-02-28 02:00:00,10.6076
2021-02-28 03:00:00,4.4715
2021-02-28 04:00:00,-0.13739999999999986
2021-02-28 05:00:00,3.9097999999999997
2021-02-28 06:00:00,5.4103
2021-02-28 07:00:00,2.9982
2021-02-28 08:00:00,6.8706
2021-02-28 09:00:00,5.834
2021-02-28 10:00:00,9.73
2021-02-28 11:00:00,7.747
2021-02-28 12:00:00,5.3236
2021-02-28 13:00:00,13.9438
2021-02-28 14:00:00,5.4877
2021-02-28 15:00:00,15.3803
2021-02-28 16:00:00,14.7233
2021-02-28 17:00:00,9.7325
2021-02-28 18:00:00,14.3316
2021-02-28 19:00:00,10.0106
2021-02-28 20:00:00,3.7648
2021-02-28 21:00:00,8.375499999999999
2021-02-28 22:00:00,10.1753
2021-02-28 23:00:00,7.827800000000001
2021-03-01 00:00:00,9.3017
2021-03-01 01:00:00,4.8533
2021-03-01 02:00:00,8.5248
2021-03-01 03:00:00,2.7334
2021-03-01 04:00:00,1.8941
2021-03-01 05:00:00,4.495299999999999
2021-03-01 06:00:00,1.9205
2021-03-01 07:00:00,10.078
2021-03-01 08:00:00,7.3304
2021-03-01 09:00:00,7.5943000000000005
2021-03-01 10:00:00,8.4061
2021-03-01 11:00:00,8.5248
2021-03-01 12:00:00,12.6236
2021-03-01 13:00:00,13.1058
2021-03-01 14:00:00,13.0765
2021-03-01 15:00:00,29.3841
2021-03-01 16:00:00,15.6769
2021-03-01 17:00:00,8.9124
2021-03-01 18:00:00,20.5151
2021-03-01 19:00:00,9.056899999999999
2021-03-01 20:00:00,6.6505
2021-03-01 21:00:00,8.3024
2021-03-01 22:00:00,9.3861
2021-03-01 23:00:00,8.2186
2021-03-02 00:00:00,11.2495
2021-03-02 01:00:00,13.889800000000001
2021-03-02 02:00:00,8.7572
2021-03-02 03:00:00,11.9464
2021-03-02 04:00:00,8.721400000000001
2021-03-02 05:00:00,7.5828
2021-03-02 06:00:00,6.5468
2021-03-02 07:00:00,9.6361
2021-03-02 08:00:00,2.3242000000000003
2021-03-02 09:00:00,10.6443
2021-03-02 10:00:00,10.9091
2021-03-02 11:00:00,10.6154
2021-03-02 12:00:00,3.9399999999999995
2021-03-02 13:00:00,5.7884
2021-03-02 14:00:00,9.6592
2021-03-02 15:00:00,12.823599999999999
2021-03-02 16:00:00,13.4677
2021-03-02 17:00:00,13.6836
2021-03-02 18:00:00,7.6372
2021-03-02 19:00:00,8.0778
2021-03-02 20:00:00,5.9931
2021-03-02 21:00:00,5.5683
2021-03-02 22:00:00,6.367
2021-03-02 23:00:00,6.3072
2021-03-03 00:00:00,8.6
2021-03-03 01:00:00,8.2986
2021-03-03 02:00:00,9.7612
2021-03-03 03:00:00,7.0547
2021-03-03 04:00:00,8.0589
2021-03-03 05:00:00,4.0716
2021-03-03 06:00:00,6.349600000000001
2021-03-03 07:00:00,4.9132
2021-03-03 08:00:00,7.8627
2021-03-03 09:00:00,7.4172
2021-03-03 10:00:00,11.0251
2021-03-03 11:00:00,4.4604
2021-03-03 12:00:00,7.2369
2021-03-03 13:00:00,15.3777
2021-03-03 14:00:00,4.5033
2021-03-03 15:00:00,6.4687
2021-03-03 16:00:00,17.6042
2021-03-03 17:00:00,13.9819
2021-03-03 18:00:00,5.700100000000001
2021-03-03 19:00:00,9.4269
2021-03-03 20:00:00,8.8006
2021-03-03 21:00:00,12.6497
2021-03-03 22:00:00,3.5393999999999997
2021-03-03 23:00:00,10.4655
2021-03-04 00:00:00,6.5885
2021-03-04 01:00:00,8.3301
2021-03-04 02:00:00,8.8078
2021-03-04 03:00:00,6.424300000000001
2021-03-04 04:00:00,5.2055
2021-03-04 05:00:00,8.4082
2021-03-04 06:00:00,9.2603
2021-03-04 07:00:00,1.7704000000000004
2021-03-04 08:00:00,7.4268
2021-03-04 09:00:00,5.3844
2021-03-04 10:00:00,10.3914
2021-03-04 11:00:00,5.6801
2021-03-04 12:00:00,9.1844
2021-03-04 13:00:00,11.1394
2021-03-04 14:00:00,8.81
2021-03-04 15:00:00,16.6463
2021-03-04 16:00:00,17.6936
2021-03-04 17:00:00,4.7747
2021-03-04 18:00:00,4.5838
2021-03-04 19:00:00,7.3075
2021-03-04 20:00:00,12.1822
2021-03-04 21:00:00,1.4935999999999998
2021-03-04 22:00:00,4.6242
2021-03-04 23:00:00,11.0554
2021-03-05 00:00:00,5.7696
2021-03-05 01:00:00,2.7451
2021-03-05 02:00:00,6.2469
2021-03-05 03:00:00,6.298
2021-03-05 04:00:00,6.659
2021-03-05 05:00:00,3.64
2021-03-05 06:00:00,6.5694
2021-03-05 07:00:00,5.0913
2021-03-05 08:00:00,3.152
2021-03-05 09:00:00,2.0562
2021-03-05 10:00:00,2.4573
2021-03-05 11:00:00,7.4391
2021-03-05 12:00:00,8.985800000000001
2021-03-05 13:00:00,4.6107
2021-03-05 14:00:00,7.0456
2021-03-05 15:00:00,15.4846
2021-03-05 16:00:00,7.2721
2021-03-05 17:00:00,9.5401
2021-03-05 18:00:00,16.1628
2021-03-05 19:00:00,8.8551
2021-03-05 20:00:00,7.1608
2021-03-05 21:00:00,5.2088
2021-03-05 22:00:00,9.3566
2021-03-05 23:00:00,4.8525
2021-03-06 00:00:00,10.4176
2021-03-06 01:00:00,5.9012
2021-03-06 02:00:00,5.3748000000000005
2021-03-06 03:00:00,4.6621
2021-03-06 04:00:00,5.7656
2021-03-06 05:00:00,5.7988
2021-03-06 06:00:00,6.7279
2021-03-06 07:00:00,9.0768
2021-03-06 08:00:00,11.7831
2021-03-06 09:00:00,7.195
2021-03-06 10:00:00,6.9229
2021-03-06 11:00:00,3.3949
2021-03-06 12:00:00,8.6874
2021-03-06 13:00:00,5.6403
2021-03-06 14:00:00,9.5169
2021-03-06 15:00:00,11.0779
2021-03-06 16:00:00,12.1085
2021-03-06 17:00:00,10.9436
2021-03-06 18:00:00,8.0972
2021-03-06 19:00:00,6.3435
2021-03-06 20:00:00,10.0606
2021-03-06 21:00:00,9.1154
2021-03-06 22:00:00,2.4293
2021-03-06 23:00:00,9.2132
2021-03-07 00:00:00,9.2059
2021-03-07 01:00:00,3.6776
2021-03-07 02:00:00,7.8311
2021-03-07 03:00:00,3.4271000000000003
2021-03-07 04:00:00,7.8153
2021-03-07 05:00:00,9.5924
2021-03-07 06:00:00,5.7819
2021-03-07 07:00:00,6.0803
2021-03-07 08:00:00,4.7497
2021-03-07 09:00:00,3.7812
2021-03-07 10:00:00,5.823799999999999
2021-03-07 11:00:00,2.8964
2021-03-07 12:00:00,5.6484
2021-03-07 13:00:00,9.7439
2021-03-07 14:00:00,8.8512
2021-03-07 15:00:00,5.6105
2021-03-07 16:00:00,16.134900000000002
2021-03-07 17:00:00,13.1323
2021-03-07 18:00:00,9.289
2021-03-07 19:00:00,6.7302
2021-03-07 20:00:00,4.9784
2021-03-07 21:00:00,15.3153
2021-03-07 22:00:00,6.279
2021-03-07 23:00:00,7.1827000000000005
2021-03-08 00:00:00,4.4413
2021-03-08 01:00:00,1.8340999999999998
2021-03-08 02:00:00,5.3617
2021-03-08 03:00:00,8.763300000000001
2021-03-08 04:00:00,7.4615
2021-03-08 05:00:00,8.5317
2021-03-08 06:00:00,11.574
2021-03-08 07:00:00,6.2462
2021-03-08 08:00:00,5.5714
2021-03-08 09:00:00,10.2866
2021-03-08 10:00:00,9.7782
2021-03-08 11:00:00,13.4611
2021-03-08 12:00:00,9.743500000000001
2021-03-08 13:00:00,34.8189
2021-03-08 14:00:00,30.0295
2021-03-08 15:00:00,19.6346
2021-03-08 16:00:00,14.731399999999999
2021-03-08 17:00:00,9.7518
2021-03-08 18:00:00,11.4317
2021-03-08 19:00:00,9.6127
2021-03-08 20:00:00,9.611799999999999
2021-03-08 21:00:00,10.2135
2021-03-08 22:00:00,8.1975
2021-03-08 23:00:00,10.8814
2021-03-09 00:00:00,9.4944
2021-03-09 01:00:00,13.5086
2021-03-09 02:00:00,13.3581
2021-03-09 03:00:00,9.0972
2021-03-09 04:00:00,17.7837
2021-03-09 05:00:00,8.3585
2021-03-09 06:00:00,8.4681
2021-03-09 07:00:00,18.2473
2021-03-09 08:00:00,9.9639
2021-03-09 09:00:00,9.2212
2021-03-09 10:00:00,12.7159
2021-03-09 11:00:00,4.203200000000001
2021-03-09 12:00:00,6.3275
2021-03-09 13:00:00,3.1471999999999998
2021-03-09 14:00:00,12.4983
2021-03-09 15:00:00,13.2736
2021-03-09 16:00:00,14.5398
2021-03-09 17:00:00,9.552900000000001
2021-03-09 18:00:00,7.2786
2021-03-09 19:00:00,17.9562
2021-03-09 20:00:00,8.1979
2021-03-09 21:00:00,11.2581
2021-03-09 22:00:00,14.754900000000001
2021-03-09 23:00:00,10.638
2021-03-10 00:00:00,14.274000000000001
2021-03-10 01:00:00,4.5123
2021-03-10 02:00:00,12.762
2021-03-10 03:00:00,4.9558
2021-03-10 04:00:00,4.0164
2021-03-10 05:00:00,9.6238
2021-03-10 06:00:00,11.2289
2021-03-10 07:00:00,2.0629
2021-03-10 08:00:00,12.671899999999999
2021-03-10 09:00:00,7.773
2021-03-10 10:00:00,4.7181
2021-03-10 11:00:00,4.4366
2021-03-10 12:00:00,2.3584
2021-03-10 13:00:00,20.9795
2021-03-10 14:00:00,10.0608
2021-03-10 15:00:00,7.4973
2021-03-10 16:00:00,17.2687
2021-03-10 17:00:00,14.7968
2021-03-10 18:00:00,16.701
2021-03-10 19:00:00,17.0428
2021-03-10 20:00:00,6.9291
2021-03-10 21:00:00,13.5572
2021-03-10 22:00:00,6.4193999999999996
2021-03-10 23:00:00,7.7057
2021-03-11 00:00:00,11.3771
2021-03-11 01:00:00,7.8577
2021-03-11 02:00:00,9.5372
2021-03-11 03:00:00,7.0893999999999995
2021-03-11 04:00:00,4.4087
2021-03-11 05:00:00,5.6057
2021-03-11 06:00:00,9.5954
2021-03-11 07:00:00,6.9974
2021-03-11 08:00:00,9.674999999999999
2021-03-11 09:00:00,5.6732
2021-03-11 10:00:00,8.2341
2021-03-11 11:00:00,17.7163
2021-03-11 12:00:00,21.2333
2021-03-11 13:00:00,18.9227
2021-03-11 14:00:00,26.6647
2021-03-11 15:00:00,18.7281
2021-03-11 16:00:00,20.1814
2021-03-11 17:00:00,15.4928
2021-03-11 18:00:00,16.7985
2021-03-11 19:00:00,13.4875
2021-03-11 20:00:00,18.738500000000002
2021-03-11 21:00:00,10.312899999999999
2021-03-11 22:00:00,13.3384
2021-03-11 23:00:00,7.945600000000001
2021-03-12 00:00:00,13.4543
2021-03-12 01:00:00,11.4967
2021-03-12 02:00:00,8.036
2021-03-12 03:00:00,7.5773
2021-03-12 04:00:00,15.1517
2021-03-12 05:00:00,5.0813
2021-03-12 06:00:00,8.351700000000001
2021-03-12 07:00:00,9.5025
2021-03-12 08:00:00,12.7309
2021-03-12 09:00:00,10.0815
2021-03-12 10:00:00,8.4127
2021-03-12 11:00:00,9.4171
2021-03-12 12:00:00,5.4733
2021-03-12 13:00:00,11.0642
2021-03-12 14:00:00,8.9291
2021-03-12 15:00:00,12.2541
2021-03-12 16:00:00,18.0466
2021-03-12 17:00:00,9.9137
2021-03-12 18:00:00,12.2173
2021-03-12 19:00:00,19.3947
2021-03-12 20:00:00,14.2742
2021-03-12 21:00:00,15.464500000000001
2021-03-12 22:00:00,8.3733
2021-03-12 23:00:00,3.8912
2021-03-13 00:00:00,11.2653
2021-03-13 01:00:00,10.1837
2021-03-13 02:00:00,12.370099999999999
2021-03-13 03:00:00,7.0389
2021-03-13 04:00:00,11.56
2021-03-13 05:00:00,7.8545
2021-03-13 06:00:00,9.6944
2021-03-13 07:00:00,13.5892
2021-03-13 08:00:00,6.7595
2021-03-13 09:00:00,5.7606
2021-03-13 10:00:00,13.3435
2021-03-13 11:00:00,13.2683
2021-03-13 12:00:00,19.2243
2021-03-13 13:00:00,22.0647
2021-03-13 14:00:00,16.9644
2021-03-13 15:00:00,15.1855
2021-03-13 16:00:00,13.761099999999999
2021-03-13 17:00:00,13.9065
2021-03-13 18:00:00,13.2519
2021-03-13 19:00:00,9.1039
2021-03-13 20:00:00,16.9744
2021-03-13 21:00:00,15.1932
2021-03-13 22:00:00,10.6104
2021-03-13 23:00:00,10.0039
2021-03-14 00:00:00,10.409
2021-03-14 01:00:00,9.8826
2021-03-14 02:00:00,5.6604
2021-03-14 03:00:00,9.6356
2021-03-14 04:00:00,4.2173
2021-03-14 05:00:00,8.2909
2021-03-14 06:00:00,3.8422
2021-03-14 07:00:00,2.651
2021-03-14 08:00:00,10.304
2021-03-14 09:00:00,7.8401
2021-03-14 10:00:00,9.5394
2021-03-14 11:00:00,13.8961
2021-03-14 12:00:00,6.821400000000001
2021-03-14 13:00:00,10.5678
2021-03-14 14:00:00,7.1289
2021-03-14 15:00:00,7.2176
2021-03-14 16:00:00,16.7098
2021-03-14 17:00:00,14.206199999999999
2021-03-14 18:00:00,15.6882
2021-03-14 19:00:00,14.076699999999999
2021-03-14 20:00:00,3.9172
2021-03-14 21:00:00,8.9789
2021-03-14 22:00:00,8.8042
2021-03-14 23:00:00,6.6135
2021-03-15 00:00:00,10.7117
2021-03-15 01:00:00,8.6501
2021-03-15 02:00:00,5.6142
2021-03-15 03:00:00,3.8204000000000002
2021-03-15 04:00:00,8.2744
2021-03-15 05:00:00,10.7639
2021-03-15 06:00:00,7.24
2021-03-15 07:00:00,6.5246
2021-03-15 08:00:00,5.6535
2021-03-15 09:00:00,8.187000000000001
2021-03-15 10:00:00,7.2998
2021-03-15 11:00:00,8.6227
2021-03-15 12:00:00,4.8329
2021-03-15 13:00:00,13.6735
2021-03-15 14:00:00,12.646700000000001
2021-03-15 15:00:00,13.1105
2021-03-15 16:00:00,16.7442
2021-03-15 17:00:00,4.8249
2021-03-15 18:00:00,10.5544
2021-03-15 19:00:00,6.0739
2021-03-15 20:00:00,11.8858
2021-03-15 21:00:00,9.4192
2021-03-15 22:00:00,6.9384
2021-03-15 23:00:00,9.2953
2021-03-16 00:00:00,9.6248
2021-03-16 01:00:00,1.1076000000000001
2021-03-16 02:00:00,4.8379
2021-03-16 03:00:00,6.4112
2021-03-16 04:00:00,7.7639000000000005
2021-03-16 05:00:00,7.2540000000000004
2021-03-16 06:00:00,5.2628
2021-03-16 07:00:00,4.7829999999999995
2021-03-16 08:00:00,5.8591
2021-03-16 09:00:00,5.9322
2021-03-16 10:00:00,3.8616
2021-03-16 11:00:00,11.9435
2021-03-16 12:00:00,8.7887
2021-03-16 13:00:00,12.2966
2021-03-16 14:00:00,7.9105
2021-03-16 15:00:00,6.6272
2021-03-16 16:00:00,13.031600000000001
2021-03-16 17:00:00,18.3328
2021-03-16 18:00:00,11.4474
2021-03-16 19:00:00,12.305
2021-03-16 20:00:00,9.6269
2021-03-16 21:00:00,10.7794
2021-03-16 22:00:00,7.2883
2021-03-16 23:00:00,5.5981000000000005
2021-03-17 00:00:00,10.111699999999999
2021-03-17 01:00:00,5.1039
2021-03-17 02:00:00,5.8242
2021-03-17 03:00:00,5.5818
2021-03-17 04:00:00,10.198599999999999
2021-03-17 05:00:00,6.8127
2021-03-17 06:00:00,3.3223000000000003
2021-03-17 07:00:00,8.0524
2021-03-17 08:00:00,7.2982000000000005
2021-03-17 09:00:00,2.3881
2021-03-17 10:00:00,2.9961
2021-03-17 11:00:00,8.2974
2021-03-17 12:00:00,1.2214
2021-03-17 13:00:00,19.6077
2021-03-17 14:00:00,6.9879
2021-03-17 15:00:00,12.3447
2021-03-17 16:00:00,9.3069
2021-03-17 17:00:00,11.2722
2021-03-17 18:00:00,17.6111
2021-03-17 19:00:00,9.825
2021-03-17 20:00:00,36.5427
2021-03-17 21:00:00,17.6259
2021-03-17 22:00:00,19.447400000000002
2021-03-17 23:00:00,5.87
2021-03-18 00:00:00,11.1507
2021-03-18 01:00:00,11.5134
2021-03-18 02:00:00,3.2862999999999998
2021-03-18 03:00:00,5.3882
2021-03-18 04:00:00,6.0804
2021-03-18 05:00:00,7.7119
2021-03-18 06:00:00,5.686
2021-03-18 07:00:00,8.9152
2021-03-18 08:00:00,7.1261
2021-03-18 09:00:00,3.6889000000000003
2021-03-18 10:00:00,11.2571
2021-03-18 11:00:00,16.095200000000002
2021-03-18 12:00:00,24.7921
2021-03-18 13:00:00,22.6527
2021-03-18 14:00:00,29.7568
2021-03-18 15:00:00,19.265
2021-03-18 16:00:00,20.5169
2021-03-18 17:00:00,18.0658
2021-03-18 18:00:00,22.6237
2021-03-18 19:00:00,8.1044
2021-03-18 20:00:00,13.272499999999999
2021-03-18 21:00:00,16.6769
2021-03-18 22:00:00,16.5865
2021-03-18 23:00:00,6.0942
2021-03-19 00:00:00,10.6829
2021-03-19 01:00:00,17.3155
2021-03-19 02:00:00,13.8163
2021-03-19 03:00:00,9.0248
2021-03-19 04:00:00,15.0505
2021-03-19 05:00:00,9.8159
2021-03-19 06:00:00,12.702300000000001
2021-03-19 07:00:00,13.2792
2021-03-19 08:00:00,7.7433
2021-03-19 09:00:00,7.4793
2021-03-19 10:00:00,11.0463
2021-03-19 11:00:00,14.142
2021-03-19 12:00:00,22.899
2021-03-19 13:00:00,26.398600000000002
2021-03-19 14:00:00,25.6649
2021-03-19 15:00:00,33.2353
2021-03-19 16:00:00,22.9408
2021-03-19 17:00:00,22.5535
2021-03-19 18:00:00,16.9974
2021-03-19 19:00:00,34.1317
2021-03-19 20:00:00,17.9729
2021-03-19 21:00:00,23.6143
2021-03-19 22:00:00,23.965700000000002
2021-03-19 23:00:00,15.4429
2021-03-20 00:00:00,9.6389
2021-03-20 01:00:00,11.8045
2021-03-20 02:00:00,23.2299
2021-03-20 03:00:00,15.2532
2021-03-20 04:00:00,10.2506
2021-03-20 05:00:00,12.9381
2021-03-20 06:00:00,6.311
2021-03-20 07:00:00,16.4956
2021-03-20 08:00:00,11.419599999999999
2021-03-20 09:00:00,5.7393
2021-03-20 10:00:00,7.4146
2021-03-20 11:00:00,17.6375
2021-03-20 12:00:00,16.892
2021-03-20 13:00:00,7.9257
2021-03-20 14:00:00,10.4447
2021-03-20 15:00:00,9.2195
2021-03-20 16:00:00,11.7241
2021-03-20 17:00:00,9.9879
2021-03-20 18:00:00,12.9826
2021-03-20 19:00:00,9.705400000000001
2021-03-20 20:00:00,5.7428
2021-03-20 21:00:00,4.0527999999999995
2021-03-20 22:00:00,9.5664
2021-03-20 23:00:00,6.0491
2021-03-21 00:00:00,11.9259
2021-03-21 01:00:00,8.9691
2021-03-21 02:00:00,14.3257
2021-03-21 03:00:00,6.1879
2021-03-21 04:00:00,6.9284
2021-03-21 05:00:00,2.8015
2021-03-21 06:00:00,4.0075
2021-03-21 07:00:00,5.4383
2021-03-21 08:00:00,6.4045000000000005
2021-03-21 09:00:00,6.4143
2021-03-21 10:00:00,3.3208
2021-03-21 11:00:00,5.7783
2021-03-21 12:00:00,6.4172
2021-03-21 13:00:00,12.4328
2021-03-21 14:00:00,11.3378
2021-03-21 15:00:00,8.7009
2021-03-21 16:00:00,8.3621
2021-03-21 17:00:00,5.6066
2021-03-21 18:00:00,10.1477
2021-03-21 19:00:00,6.7464
2021-03-21 20:00:00,7.5852
2021-03-21 21:00:00,5.6059
2021-03-21 22:00:00,9.7305
2021-03-21 23:00:00,11.5503
2021-03-22 00:00:00,13.3076
2021-03-22 01:00:00,6.6106
2021-03-22 02:00:00,7.3316
2021-03-22 03:00:00,6.3292
2021-03-22 04:00:00,8.5979
2021-03-22 05:00:00,10.395900000000001
2021-03-22 06:00:00,7.805400000000001
2021-03-22 07:00:00,5.9989
2021-03-22 08:00:00,3.2688
2021-03-22 09:00:00,3.2359999999999998
2021-03-22 10:00:00,7.957800000000001
2021-03-22 11:00:00,13.296
2021-03-22 12:00:00,6.5395
2021-03-22 13:00:00,13.073500000000001
2021-03-22 14:00:00,10.9039
2021-03-22 15:00:00,11.7542
2021-03-22 16:00:00,13.0253
2021-03-22 17:00:00,8.7434
2021-03-22 18:00:00,13.4643
2021-03-22 19:00:00,11.170300000000001
2021-03-22 20:00:00,6.3416
2021-03-22 21:00:00,16.6661
2021-03-22 22:00:00,11.5862
2021-03-22 23:00:00,12.9892
2021-03-23 00:00:00,10.9049
2021-03-23 01:00:00,12.4841
2021-03-23 02:00:00,5.1488
2021-03-23 03:00:00,9.195500000000001
2021-03-23 04:00:00,10.924100000000001
2021-03-23 05:00:00,4.6965
2021-03-23 06:00:00,10.1799
2021-03-23 07:00:00,4.5653
2021-03-23 08:00:00,5.6214
2021-03-23 09:00:00,6.6583
2021-03-23 10:00:00,8.074300000000001
2021-03-23 11:00:00,11.5052
2021-03-23 12:00:00,16.9144
2021-03-23 13:00:00,3.9544
2021-03-23 14:00:00,14.3608
2021-03-23 15:00:00,12.6861
2021-03-23 16:00:00,23.5533
2021-03-23 17:00:00,16.424799999999998
2021-03-23 18:00:00,14.2589
2021-03-23 19:00:00,10.8429
2021-03-23 20:00:00,17.1748
2021-03-23 21:00:00,8.7406
2021-03-23 22:00:00,6.297000000000001
2021-03-23 23:00:00,16.6798
2021-03-24 00:00:00,5.8980999999999995
2021-03-24 01:00:00,2.4065
2021-03-24 02:00:00,6.62
2021-03-24 03:00:00,3.0462000000000002
2021-03-24 04:00:00,3.5163
2021-03-24 05:00:00,4.5368
2021-03-24 06:00:00,4.9814
2021-03-24 07:00:00,18.833199999999998
2021-03-24 08:00:00,23.1964
2021-03-24 09:00:00,22.0768
2021-03-24 10:00:00,25.7124
2021-03-24 11:00:00,19.5416
2021-03-24 12:00:00,45.2941
2021-03-24 13:00:00,50.4621
2021-03-24 14:00:00,44.7183
2021-03-24 15:00:00,47.1674
2021-03-24 16:00:00,35.2399
2021-03-24 17:00:00,43.8989
2021-03-24 18:00:00,34.5552
2021-03-24 19:00:00,18.575
2021-03-24 20:00:00,26.8421
2021-03-24 21:00:00,25.1671
2021-03-24 22:00:00,13.6047
2021-03-24 23:00:00,23.4853
2021-03-25 00:00:00,11.2013
2021-03-25 01:00:00,16.8722
2021-03-25 02:00:00,7.9236
2021-03-25 03:00:00,15.8956
2021-03-25 04:00:00,9.3431
2021-03-25 05:00:00,9.3653
2021-03-25 06:00:00,17.8306
2021-03-25 07:00:00,13.6258
2021-03-25 08:00:00,7.155200000000001
2021-03-25 09:00:00,13.7537
2021-03-25 10:00:00,36.7183
2021-03-25 11:00:00,44.2361
2021-03-25 12:00:00,40.5732
2021-03-25 13:00:00,41.0045
2021-03-25 14:00:00,30.3518
2021-03-25 15:00:00,35.5627
2021-03-25 16:00:00,34.3941
2021-03-25 17:00:00,39.0844
2021-03-25 18:00:00,36.0471
2021-03-25 19:00:00,24.0789
2021-03-25 20:00:00,10.2351
2021-03-25 21:00:00,15.5609
2021-03-25 22:00:00,13.4388
2021-03-25 23:00:00,9.0363
2021-03-26 00:00:00,13.1501
2021-03-26 01:00:00,14.443200000000001
2021-03-26 02:00:00,2.8245
2021-03-26 03:00:00,6.8261
2021-03-26 04:00:00,4.6755
2021-03-26 05:00:00,6.2464
2021-03-26 06:00:00,21.0513
2021-03-26 07:00:00,19.2673
2021-03-26 08:00:00,15.8114
2021-03-26 09:00:00,19.0895
2021-03-26 10:00:00,14.2529
2021-03-26 11:00:00,15.8246
2021-03-26 12:00:00,16.9336
2021-03-26 13:00:00,24.8201
2021-03-26 14:00:00,18.1364
2021-03-26 15:00:00,14.9285
2021-03-26 16:00:00,19.343700000000002
2021-03-26 17:00:00,32.0642
2021-03-26 18:00:00,24.6375
2021-03-26 19:00:00,18.4549
2021-03-26 20:00:00,16.8021
2021-03-26 21:00:00,15.4556
2021-03-26 22:00:00,13.5142
2021-03-26 23:00:00,14.972
2021-03-27 00:00:00,8.8078
2021-03-27 01:00:00,20.1011
2021-03-27 02:00:00,20.2016
2021-03-27 03:00:00,19.1434
2021-03-27 04:00:00,16.2139
2021-03-27 05:00:00,11.1935
2021-03-27 06:00:00,20.7102
2021-03-27 07:00:00,15.1129
2021-03-27 08:00:00,12.206900000000001
2021-03-27 09:00:00,14.7292
2021-03-27 10:00:00,14.2164
2021-03-27 11:00:00,9.6259
2021-03-27 12:00:00,16.0002
2021-03-27 13:00:00,20.5789
2021-03-27 14:00:00,16.5477
2021-03-27 15:00:00,17.1934
2021-03-27 16:00:00,20.2178
2021-03-27 17:00:00,21.4021
2021-03-27 18:00:00,23.4119
2021-03-27 19:00:00,10.2938
2021-03-27 20:00:00,11.784699999999999
2021-03-27 21:00:00,13.400400000000001
2021-03-27 22:00:00,3.7613
2021-03-27 23:00:00,5.6041
2021-03-28 00:00:00,9.4391
2021-03-28 01:00:00,10.1123
2021-03-28 02:00:00,15.7718
2021-03-28 03:00:00,9.8655
2021-03-28 04:00:00,7.1808
2021-03-28 05:00:00,9.606
2021-03-28 06:00:00,11.5188
2021-03-28 07:00:00,11.4279
2021-03-28 08:00:00,14.9261
2021-03-28 09:00:00,8.9186
2021-03-28 10:00:00,5.641500000000001
2021-03-28 11:00:00,6.3943
2021-03-28 12:00:00,15.7165
2021-03-28 13:00:00,7.4344
2021-03-28 14:00:00,3.1357
2021-03-28 15:00:00,4.7115
2021-03-28 16:00:00,20.3837
2021-03-28 17:00:00,12.9609
2021-03-28 18:00:00,13.782300000000001
2021-03-28 19:00:00,8.3957
2021-03-28 20:00:00,10.126100000000001
2021-03-28 21:00:00,8.582
2021-03-28 22:00:00,7.0061
2021-03-28 23:00:00,9.3271
2021-03-29 00:00:00,9.3494
2021-03-29 01:00:00,12.72
2021-03-29 02:00:00,7.2129
2021-03-29 03:00:00,9.1085
2021-03-29 04:00:00,9.4707
2021-03-29 05:00:00,6.4791
2021-03-29 06:00:00,9.5497
2021-03-29 07:00:00,10.8897
2021-03-29 08:00:00,16.1986
2021-03-29 09:00:00,14.3798
2021-03-29 10:00:00,10.981200000000001
2021-03-29 11:00:00,15.2304
2021-03-29 12:00:00,16.3109
2021-03-29 13:00:00,10.0673
2021-03-29 14:00:00,10.7479
2021-03-29 15:00:00,22.4294
2021-03-29 16:00:00,20.377
2021-03-29 17:00:00,29.619500000000002
2021-03-29 18:00:00,22.5172
2021-03-29 19:00:00,19.772
2021-03-29 20:00:00,12.9991
2021-03-29 21:00:00,12.7822
2021-03-29 22:00:00,12.1675
2021-03-29 23:00:00,14.8998
2021-03-30 00:00:00,15.1185
2021-03-30 01:00:00,9.4891
2021-03-30 02:00:00,13.3971
2021-03-30 03:00:00,3.0069
2021-03-30 04:00:00,8.652800000000001
2021-03-30 05:00:00,15.2259
2021-03-30 06:00:00,10.032
2021-03-30 07:00:00,14.3597
2021-03-30 08:00:00,5.6967
2021-03-30 09:00:00,4.2116
2021-03-30 10:00:00,19.0045
2021-03-30 11:00:00,17.2281
2021-03-30 12:00:00,30.5511
2021-03-30 13:00:00,33.2701
2021-03-30 14:00:00,39.6796
2021-03-30 15:00:00,38.4331
2021-03-30 16:00:00,19.3584
2021-03-30 17:00:00,20.7712
2021-03-30 18:00:00,21.6697
2021-03-30 19:00:00,12.5749
2021-03-30 20:00:00,7.9092
2021-03-30 21:00:00,14.4068
2021-03-30 22:00:00,8.8529
2021-03-30 23:00:00,12.0104
2021-03-31 00:00:00,10.103
2021-03-31 01:00:00,14.0375
2021-03-31 02:00:00,11.0283
2021-03-31 03:00:00,6.8897
2021-03-31 04:00:00,12.7803
2021-03-31 05:00:00,17.0588
2021-03-31 06:00:00,15.7431
2021-03-31 07:00:00,16.0594
2021-03-31 08:00:00,14.496500000000001
2021-03-31 09:00:00,13.7588
2021-03-31 10:00:00,10.8955
2021-03-31 11:00:00,36.97
2021-03-31 12:00:00,42.2872
2021-03-31 13:00:00,42.3735
2021-03-31 14:00:00,51.3623
2021-03-31 15:00:00,33.7426
2021-03-31 16:00:00,36.162
2021-03-31 17:00:00,35.2223
2021-03-31 18:00:00,33.5159
2021-03-31 19:00:00,37.5013
2021-03-31 20:00:00,20.5695
2021-03-31 21:00:00,23.2246
2021-03-31 22:00:00,16.1067
2021-03-31 23:00:00,16.3506
2021-04-01 00:00:00,16.235
2021-04-01 01:00:00,23.3559
2021-04-01 02:00:00,28.0015
2021-04-01 03:00:00,24.6737
2021-04-01 04:00:00,14.9008
2021-04-01 05:00:00,16.1182
2021-04-01 06:00:00,17.346
2021-04-01 07:00:00,6.6238
2021-04-01 08:00:00,15.869
2021-04-01 09:00:00,11.9727
2021-04-01 10:00:00,14.7109
2021-04-01 11:00:00,15.1096
2021-04-01 12:00:00,25.4268
2021-04-01 13:00:00,25.1624
2021-04-01 14:00:00,34.382600000000004
2021-04-01 15:00:00,38.5481
2021-04-01 16:00:00,36.6891
2021-04-01 17:00:00,41.7824
2021-04-01 18:00:00,22.2039
2021-04-01 19:00:00,14.9787
2021-04-01 20:00:00,14.7657
2021-04-01 21:00:00,10.6505
2021-04-01 22:00:00,4.4352
2021-04-01 23:00:00,10.285400000000001
2021-04-02 00:00:00,12.1051
2021-04-02 01:00:00,10.9985
2021-04-02 02:00:00,10.1535
2021-04-02 03:00:00,11.4119
2021-04-02 04:00:00,4.759
2021-04-02 05:00:00,4.3058
2021-04-02 06:00:00,16.5557
2021-04-02 07:00:00,6.0181000000000004
2021-04-02 08:00:00,12.0047
2021-04-02 09:00:00,11.5307
2021-04-02 10:00:00,5.9758000000000004
2021-04-02 11:00:00,14.9694
2021-04-02 12:00:00,15.9243
2021-04-02 13:00:00,9.9679
2021-04-02 14:00:00,13.7261
2021-04-02 15:00:00,11.6684
2021-04-02 16:00:00,11.6173
2021-04-02 17:00:00,4.6435
2021-04-02 18:00:00,11.664000000000001
2021-04-02 19:00:00,12.3888
2021-04-02 20:00:00,13.8915
2021-04-02 21:00:00,14.3177
2021-04-02 22:00:00,1.6735000000000002
2021-04-02 23:00:00,12.7181
2021-04-03 00:00:00,10.6484
2021-04-03 01:00:00,12.5311
2021-04-03 02:00:00,11.3616
2021-04-03 03:00:00,13.0694
2021-04-03 04:00:00,9.6067
2021-04-03 05:00:00,9.205
2021-04-03 06:00:00,9.8717
2021-04-03 07:00:00,12.6811
2021-04-03 08:00:00,11.6639
2021-04-03 09:00:00,0.6917
2021-04-03 10:00:00,7.3071
2021-04-03 11:00:00,10.81
2021-04-03 12:00:00,10.3964
2021-04-03 13:00:00,8.7746
2021-04-03 14:00:00,7.9245
2021-04-03 15:00:00,4.8536
2021-04-03 16:00:00,5.5293
2021-04-03 17:00:00,6.8919999999999995
2021-04-03 18:00:00,9.6203
2021-04-03 19:00:00,14.5681
2021-04-03 20:00:00,2.7494
2021-04-03 21:00:00,8.0177
2021-04-03 22:00:00,6.5473
2021-04-03 23:00:00,7.5575
2021-04-04 00:00:00,0.0
2021-04-04 01:00:00,0.0
2021-04-04 02:00:00,0.0
2021-04-04 03:00:00,0.0
2021-04-04 04:00:00,0.0
2021-04-04 05:00:00,1.5565
2021-04-04 06:00:00,5.9561
2021-04-04 07:00:00,4.3343
2021-04-04 08:00:00,9.1858
2021-04-04 09:00:00,6.2778
2021-04-04 10:00:00,5.827
2021-04-04 11:00:00,4.884
2021-04-04 12:00:00,10.1938
2021-04-04 13:00:00,17.5179
2021-04-04 14:00:00,12.8089
2021-04-04 15:00:00,8.1019
2021-04-04 16:00:00,14.4838
2021-04-04 17:00:00,11.9031
2021-04-04 18:00:00,13.0107
2021-04-04 19:00:00,9.3618
2021-04-04 20:00:00,9.0347
2021-04-04 21:00:00,12.742
2021-04-04 22:00:00,3.3799
2021-04-04 23:00:00,11.656600000000001
2021-04-05 00:00:00,0.0
2021-04-05 01:00:00,0.0
2021-04-05 02:00:00,0.0
2021-04-05 03:00:00,0.0
2021-04-05 04:00:00,0.0
2021-04-05 05:00:00,0.0
2021-04-05 06:00:00,0.0
2021-04-05 07:00:00,0.0
2021-04-05 08:00:00,0.0
2021-04-05 09:00:00,0.0
2021-04-05 10:00:00,0.0
2021-04-05 11:00:00,0.0
2021-04-05 12:00:00,0.0
2021-04-05 13:00:00,0.0
2021-04-05 14:00:00,14.926
2021-04-05 15:00:00,14.356
2021-04-05 16:00:00,20.9975
2021-04-05 17:00:00,11.2603
2021-04-05 18:00:00,8.6045
2021-04-05 19:00:00,14.9108
2021-04-05 20:00:00,11.0575
2021-04-05 21:00:00,5.6449
2021-04-05 22:00:00,9.181099999999999
2021-04-05 23:00:00,8.124
2021-04-06 00:00:00,16.1868
2021-04-06 01:00:00,4.4315999999999995
2021-04-06 02:00:00,7.3653
2021-04-06 03:00:00,5.8354
2021-04-06 04:00:00,4.2166999999999994
2021-04-06 05:00:00,11.2085
2021-04-06 06:00:00,10.1079
2021-04-06 07:00:00,3.2326
2021-04-06 08:00:00,5.376
2021-04-06 09:00:00,9.983
2021-04-06 10:00:00,7.5276000000000005
2021-04-06 11:00:00,11.7711
2021-04-06 12:00:00,8.0833
2021-04-06 13:00:00,9.0357
2021-04-06 14:00:00,9.2689
2021-04-06 15:00:00,13.8916
2021-04-06 16:00:00,14.3718
2021-04-06 17:00:00,15.3764
2021-04-06 18:00:00,8.4445
2021-04-06 19:00:00,10.6071
2021-04-06 20:00:00,6.9047
2021-04-06 21:00:00,5.8346
2021-04-06 22:00:00,7.6042000000000005
2021-04-06 23:00:00,2.2981000000000003
2021-04-07 00:00:00,7.6053999999999995
2021-04-07 01:00:00,4.2713
2021-04-07 02:00:00,7.1599
2021-04-07 03:00:00,8.6164
2021-04-07 04:00:00,7.1091
2021-04-07 05:00:00,7.5096
2021-04-07 06:00:00,7.013999999999999
2021-04-07 07:00:00,7.5628
2021-04-07 08:00:00,3.7962
2021-04-07 09:00:00,1.4881
2021-04-07 10:00:00,14.4586
2021-04-07 11:00:00,11.6481
2021-04-07 12:00:00,12.4832
2021-04-07 13:00:00,12.0515
2021-04-07 14:00:00,7.1337
2021-04-07 15:00:00,15.2929
2021-04-07 16:00:00,10.637
2021-04-07 17:00:00,10.4952
2021-04-07 18:00:00,8.61
2021-04-07 19:00:00,16.942
2021-04-07 20:00:00,12.5928
2021-04-07 21:00:00,3.0659
2021-04-07 22:00:00,4.615200000000001
2021-04-07 23:00:00,8.0692
2021-04-08 00:00:00,7.5426
2021-04-08 01:00:00,5.1772
2021-04-08 02:00:00,11.443
2021-04-08 03:00:00,5.567
2021-04-08 04:00:00,4.8382
2021-04-08 05:00:00,6.7465
2021-04-08 06:00:00,3.0349999999999997
2021-04-08 07:00:00,4.9769
2021-04-08 08:00:00,8.099
2021-04-08 09:00:00,6.2836
2021-04-08 10:00:00,8.904
2021-04-08 11:00:00,6.8934
2021-04-08 12:00:00,5.277500000000001
2021-04-08 13:00:00,6.7503
2021-04-08 14:00:00,10.479000000000001
2021-04-08 15:00:00,13.9381
2021-04-08 16:00:00,13.8729
2021-04-08 17:00:00,7.1162
2021-04-08 18:00:00,10.4903
2021-04-08 19:00:00,5.1096
2021-04-08 20:00:00,7.5809999999999995
2021-04-08 21:00:00,9.024799999999999
2021-04-08 22:00:00,10.5655
2021-04-08 23:00:00,-0.3514000000000002
2021-04-09 00:00:00,6.2082999999999995
2021-04-09 01:00:00,7.4764
2021-04-09 02:00:00,1.6147
2021-04-09 03:00:00,4.5541
2021-04-09 04:00:00,3.0967000000000002
2021-04-09 05:00:00,4.8839
2021-04-09 06:00:00,4.8379
2021-04-09 07:00:00,5.458699999999999
2021-04-09 08:00:00,1.9689
2021-04-09 09:00:00,6.3111
2021-04-09 10:00:00,8.941600000000001
2021-04-09 11:00:00,5.529
2021-04-09 12:00:00,5.3547
2021-04-09 13:00:00,6.8011
2021-04-09 14:00:00,7.8104000000000005
2021-04-09 15:00:00,14.6439
2021-04-09 16:00:00,10.746500000000001
2021-04-09 17:00:00,17.9097
2021-04-09 18:00:00,12.253
2021-04-09 19:00:00,6.5992
2021-04-09 20:00:00,7.6638
2021-04-09 21:00:00,10.0969
2021-04-09 22:00:00,9.4954
2021-04-09 23:00:00,6.7167
2021-04-10 00:00:00,2.7786
2021-04-10 01:00:00,6.1287
2021-04-10 02:00:00,7.9944
2021-04-10 03:00:00,5.3754
2021-04-10 04:00:00,10.2971
2021-04-10 05:00:00,13.4631
2021-04-10 06:00:00,5.4435
2021-04-10 07:00:00,8.0607
2021-04-10 08:00:00,8.8834
2021-04-10 09:00:00,8.5472
2021-04-10 10:00:00,8.3751
2021-04-10 11:00:00,7.4527
2021-04-10 12:00:00,9.0787
2021-04-10 13:00:00,16.9466
2021-04-10 14:00:00,12.579
2021-04-10 15:00:00,6.8797
2021-04-10 16:00:00,10.7984
2021-04-10 17:00:00,7.591
2021-04-10 18:00:00,4.6853
2021-04-10 19:00:00,1.9623
2021-04-10 20:00:00,4.0166
2021-04-10 21:00:00,3.6013
2021-04-10 22:00:00,5.1342
2021-04-10 23:00:00,1.9914
2021-04-11 00:00:00,3.0077
2021-04-11 01:00:00,12.3547
2021-04-11 02:00:00,1.5515
2021-04-11 03:00:00,3.7168
2021-04-11 04:00:00,1.2155
2021-04-11 05:00:00,6.6579999999999995
2021-04-11 06:00:00,8.076
2021-04-11 07:00:00,5.6317
2021-04-11 08:00:00,5.0802
2021-04-11 09:00:00,5.6355
2021-04-11 10:00:00,6.4932
2021-04-11 11:00:00,3.7304000000000004
2021-04-11 12:00:00,2.913
2021-04-11 13:00:00,4.8423
2021-04-11 14:00:00,15.1524
2021-04-11 15:00:00,10.5969
2021-04-11 16:00:00,16.604300000000002
2021-04-11 17:00:00,10.4842
2021-04-11 18:00:00,9.9191
2021-04-11 19:00:00,4.4452
2021-04-11 20:00:00,4.3045
2021-04-11 21:00:00,7.3874
2021-04-11 22:00:00,7.3591
2021-04-11 23:00:00,5.6793
2021-04-12 00:00:00,3.6445000000000003
2021-04-12 01:00:00,5.4906
2021-04-12 02:00:00,5.0621
2021-04-12 03:00:00,5.4434000000000005
2021-04-12 04:00:00,8.188
2021-04-12 05:00:00,4.0858
2021-04-12 06:00:00,6.853800000000001
2021-04-12 07:00:00,6.0657
2021-04-12 08:00:00,5.2837
2021-04-12 09:00:00,7.144
2021-04-12 10:00:00,2.0974
2021-04-12 11:00:00,6.6899
2021-04-12 12:00:00,3.6097
2021-04-12 13:00:00,10.7353
2021-04-12 14:00:00,15.3633
2021-04-12 15:00:00,15.5456
2021-04-12 16:00:00,15.1881
2021-04-12 17:00:00,3.1456000000000004
2021-04-12 18:00:00,9.6113
2021-04-12 19:00:00,8.1111
2021-04-12 20:00:00,5.0358
2021-04-12 21:00:00,7.3619
2021-04-12 22:00:00,5.1504
2021-04-12 23:00:00,4.492999999999999
2021-04-13 00:00:00,3.1357999999999997
2021-04-13 01:00:00,5.9942
2021-04-13 02:00:00,6.4648
2021-04-13 03:00:00,7.6017
2021-04-13 04:00:00,7.0874
2021-04-13 05:00:00,5.4012
2021-04-13 06:00:00,8.438600000000001
2021-04-13 07:00:00,5.9786
2021-04-13 08:00:00,7.2221
2021-04-13 09:00:00,11.8568
2021-04-13 10:00:00,13.477
2021-04-13 11:00:00,10.2699
2021-04-13 12:00:00,13.2706
2021-04-13 13:00:00,19.0043
2021-04-13 14:00:00,15.6287
2021-04-13 15:00:00,25.8351
2021-04-13 16:00:00,16.3932
2021-04-13 17:00:00,13.0695
2021-04-13 18:00:00,6.0681
2021-04-13 19:00:00,7.6477
2021-04-13 20:00:00,8.8257
2021-04-13 21:00:00,9.4991
2021-04-13 22:00:00,7.2425
2021-04-13 23:00:00,5.3477
2021-04-14 00:00:00,10.5038
2021-04-14 01:00:00,6.5121
2021-04-14 02:00:00,10.7998
2021-04-14 03:00:00,4.5504999999999995
2021-04-14 04:00:00,10.757
2021-04-14 05:00:00,9.0602
2021-04-14 06:00:00,13.3759
2021-04-14 07:00:00,14.3647
2021-04-14 08:00:00,11.577300000000001
2021-04-14 09:00:00,10.4602
2021-04-14 10:00:00,10.8178
2021-04-14 11:00:00,10.3783
2021-04-14 12:00:00,14.6366
2021-04-14 13:00:00,14.6866
2021-04-14 14:00:00,13.1378
2021-04-14 15:00:00,14.4163
2021-04-14 16:00:00,15.6317
2021-04-14 17:00:00,9.0803
2021-04-14 18:00:00,15.7773
2021-04-14 19:00:00,15.5588
2021-04-14 20:00:00,12.5103
2021-04-14 21:00:00,8.871
2021-04-14 22:00:00,5.0893
2021-04-14 23:00:00,-0.6857999999999999
2021-04-15 00:00:00,8.3904
2021-04-15 01:00:00,3.9693
2021-04-15 02:00:00,10.2445
2021-04-15 03:00:00,-0.8280000000000001
2021-04-15 04:00:00,7.1999
2021-04-15 05:00:00,5.9797
2021-04-15 06:00:00,5.3156
2021-04-15 07:00:00,7.1458
2021-04-15 08:00:00,8.5634
2021-04-15 09:00:00,6.8755
2021-04-15 10:00:00,11.5095
2021-04-15 11:00:00,6.6031
2021-04-15 12:00:00,7.5091
2021-04-15 13:00:00,14.4141
2021-04-15 14:00:00,15.2945
2021-04-15 15:00:00,14.198
2021-04-15 16:00:00,13.9304
2021-04-15 17:00:00,11.1242
2021-04-15 18:00:00,10.8384
2021-04-15 19:00:00,7.6695
2021-04-15 20:00:00,10.1458
2021-04-15 21:00:00,14.9538
2021-04-15 22:00:00,16.4193
2021-04-15 23:00:00,8.0206
2021-04-16 00:00:00,8.2746
2021-04-16 01:00:00,13.6922
2021-04-16 02:00:00,11.1098
2021-04-16 03:00:00,9.7341
2021-04-16 04:00:00,6.618
2021-04-16 05:00:00,7.4407
2021-04-16 06:00:00,4.5678
2021-04-16 07:00:00,9.575
2021-04-16 08:00:00,3.706
2021-04-16 09:00:00,2.4326999999999996
2021-04-16 10:00:00,5.4195
2021-04-16 11:00:00,0.048000000000000154
2021-04-16 12:00:00,3.94
2021-04-16 13:00:00,9.3025
2021-04-16 14:00:00,11.1386
2021-04-16 15:00:00,20.2852
2021-04-16 16:00:00,15.7078
2021-04-16 17:00:00,9.8042
2021-04-16 18:00:00,5.6916
2021-04-16 19:00:00,14.6919
2021-04-16 20:00:00,16.2845
2021-04-16 21:00:00,9.5964
2021-04-16 22:00:00,9.188600000000001
2021-04-16 23:00:00,5.2095
2021-04-17 00:00:00,5.5113
2021-04-17 01:00:00,6.7867
2021-04-17 02:00:00,4.9319
2021-04-17 03:00:00,9.2233
2021-04-17 04:00:00,1.7213
2021-04-17 05:00:00,7.6668
2021-04-17 06:00:00,8.8509
2021-04-17 07:00:00,2.5545
2021-04-17 08:00:00,8.6253
2021-04-17 09:00:00,4.5942
2021-04-17 10:00:00,9.3617
2021-04-17 11:00:00,4.3529
2021-04-17 12:00:00,9.477
2021-04-17 13:00:00,6.1947
2021-04-17 14:00:00,7.3610999999999995
2021-04-17 15:00:00,8.533900000000001
2021-04-17 16:00:00,9.1031
2021-04-17 17:00:00,11.6817
2021-04-17 18:00:00,10.1635
2021-04-17 19:00:00,10.1257
2021-04-17 20:00:00,9.0632
2021-04-17 21:00:00,7.1015
2021-04-17 22:00:00,7.6183
2021-04-17 23:00:00,7.0997
2021-04-18 00:00:00,4.2861
2021-04-18 01:00:00,3.9398
2021-04-18 02:00:00,2.1881000000000004
2021-04-18 03:00:00,9.1257
2021-04-18 04:00:00,0.9318000000000002
2021-04-18 05:00:00,9.8145
2021-04-18 06:00:00,3.9845
2021-04-18 07:00:00,10.4434
2021-04-18 08:00:00,-0.7550999999999998
2021-04-18 09:00:00,1.5825999999999998
2021-04-18 10:00:00,-0.49660000000000004
2021-04-18 11:00:00,4.6709000000000005
2021-04-18 12:00:00,11.2874
2021-04-18 13:00:00,6.9719
2021-04-18 14:00:00,8.978299999999999
2021-04-18 15:00:00,10.3272
2021-04-18 16:00:00,10.7181
2021-04-18 17:00:00,7.1629
2021-04-18 18:00:00,6.4469
2021-04-18 19:00:00,7.1465000000000005
2021-04-18 20:00:00,-1.2692
2021-04-18 21:00:00,7.8056
2021-04-18 22:00:00,6.2935
2021-04-18 23:00:00,8.361
2021-04-19 00:00:00,5.378299999999999
2021-04-19 01:00:00,4.5321
2021-04-19 02:00:00,4.2965
2021-04-19 03:00:00,10.3469
2021-04-19 04:00:00,2.3339
2021-04-19 05:00:00,2.9425
2021-04-19 06:00:00,8.1966
2021-04-19 07:00:00,4.4515
2021-04-19 08:00:00,2.5577
2021-04-19 09:00:00,7.1413
2021-04-19 10:00:00,8.6964
2021-04-19 11:00:00,16.5363
2021-04-19 12:00:00,8.8422
2021-04-19 13:00:00,5.1552999999999995
2021-04-19 14:00:00,11.1355
2021-04-19 15:00:00,3.4398
2021-04-19 16:00:00,8.786999999999999
2021-04-19 17:00:00,9.9005
2021-04-19 18:00:00,8.5849
2021-04-19 19:00:00,9.8642
2021-04-19 20:00:00,8.0519
2021-04-19 21:00:00,5.9378
2021-04-19 22:00:00,11.344
2021-04-19 23:00:00,7.9847
2021-04-20 00:00:00,8.8147
2021-04-20 01:00:00,8.4131
2021-04-20 02:00:00,7.8578
2021-04-20 03:00:00,2.8621
2021-04-20 04:00:00,9.0045
2021-04-20 05:00:00,6.5747
2021-04-20 06:00:00,2.7761
2021-04-20 07:00:00,1.3848
2021-04-20 08:00:00,3.126
2021-04-20 09:00:00,7.0401
2021-04-20 10:00:00,6.9709
2021-04-20 11:00:00,7.3447
2021-04-20 12:00:00,6.083200000000001
2021-04-20 13:00:00,13.2237
2021-04-20 14:00:00,6.6273
2021-04-20 15:00:00,9.2029
2021-04-20 16:00:00,6.6249
2021-04-20 17:00:00,14.4392
2021-04-20 18:00:00,16.1141
2021-04-20 19:00:00,9.8194
2021-04-20 20:00:00,8.6849
2021-04-20 21:00:00,12.321
2021-04-20 22:00:00,10.6684
2021-04-20 23:00:00,11.2177
2021-04-21 00:00:00,6.3327
2021-04-21 01:00:00,7.8208
2021-04-21 02:00:00,6.3993
2021-04-21 03:00:00,5.5567
2021-04-21 04:00:00,5.1842999999999995
2021-04-21 05:00:00,7.6055
2021-04-21 06:00:00,6.6307
2021-04-21 07:00:00,6.5724
2021-04-21 08:00:00,8.7645
2021-04-21 09:00:00,11.261800000000001
2021-04-21 10:00:00,4.824
2021-04-21 11:00:00,9.8193
2021-04-21 12:00:00,7.9434
2021-04-21 13:00:00,14.1216
2021-04-21 14:00:00,6.3982
2021-04-21 15:00:00,11.0977
2021-04-21 16:00:00,9.1515
2021-04-21 17:00:00,18.5519
2021-04-21 18:00:00,12.0981
2021-04-21 19:00:00,9.2825
2021-04-21 20:00:00,5.8728
2021-04-21 21:00:00,3.6455
2021-04-21 22:00:00,3.0795
2021-04-21 23:00:00,-0.16280000000000006
2021-04-22 00:00:00,9.2729
2021-04-22 01:00:00,6.0789
2021-04-22 02:00:00,9.6191
2021-04-22 03:00:00,8.699
2021-04-22 04:00:00,5.4966
2021-04-22 05:00:00,11.270999999999999
2021-04-22 06:00:00,11.6634
2021-04-22 07:00:00,14.2025
2021-04-22 08:00:00,5.1535
2021-04-22 09:00:00,12.545399999999999
2021-04-22 10:00:00,6.2945
2021-04-22 11:00:00,7.0951
2021-04-22 12:00:00,12.477599999999999
2021-04-22 13:00:00,13.5528
2021-04-22 14:00:00,11.0542
2021-04-22 15:00:00,17.0495
2021-04-22 16:00:00,14.5292
2021-04-22 17:00:00,17.0183
2021-04-22 18:00:00,22.3927
2021-04-22 19:00:00,2.9128000000000003
2021-04-22 20:00:00,10.0524
2021-04-22 21:00:00,4.3927000000000005
2021-04-22 22:00:00,0.9570999999999997
2021-04-22 23:00:00,2.8532
2021-04-23 00:00:00,10.5554
2021-04-23 01:00:00,8.5009
2021-04-23 02:00:00,5.9996
2021-04-23 03:00:00,7.3001
2021-04-23 04:00:00,7.629600000000001
2021-04-23 05:00:00,9.6751
2021-04-23 06:00:00,6.873600000000001
2021-04-23 07:00:00,5.5926
2021-04-23 08:00:00,9.9876
2021-04-23 09:00:00,6.830900000000001
2021-04-23 10:00:00,8.4046
2021-04-23 11:00:00,9.2853
2021-04-23 12:00:00,5.6079
2021-04-23 13:00:00,11.731
2021-04-23 14:00:00,16.2104
2021-04-23 15:00:00,12.2539
2021-04-23 16:00:00,9.6087
2021-04-23 17:00:00,8.934800000000001
2021-04-23 18:00:00,7.9495
2021-04-23 19:00:00,7.5221
2021-04-23 20:00:00,5.586
2021-04-23 21:00:00,3.8621
2021-04-23 22:00:00,11.4154
2021-04-23 23:00:00,6.2694
2021-04-24 00:00:00,8.8767
2021-04-24 01:00:00,5.9407000000000005
2021-04-24 02:00:00,1.6015000000000001
2021-04-24 03:00:00,6.8058
2021-04-24 04:00:00,1.4026999999999998
2021-04-24 05:00:00,3.6679000000000004
2021-04-24 06:00:00,6.1952
2021-04-24 07:00:00,10.4522
2021-04-24 08:00:00,3.7638
2021-04-24 09:00:00,6.2785
2021-04-24 10:00:00,7.3556
2021-04-24 11:00:00,10.898900000000001
2021-04-24 12:00:00,5.7204
2021-04-24 13:00:00,8.861699999999999
2021-04-24 14:00:00,0.19690000000000007
2021-04-24 15:00:00,10.6858
2021-04-24 16:00:00,11.0311
2021-04-24 17:00:00,6.5674
2021-04-24 18:00:00,6.9145
2021-04-24 19:00:00,5.8918
2021-04-24 20:00:00,8.6587
2021-04-24 21:00:00,6.6458
2021-04-24 22:00:00,9.5277
2021-04-24 23:00:00,5.1917
2021-04-25 00:00:00,8.656
2021-04-25 01:00:00,7.077
2021-04-25 02:00:00,6.3625
2021-04-25 03:00:00,3.6729
2021-04-25 04:00:00,7.7012
2021-04-25 05:00:00,7.3743
2021-04-25 06:00:00,5.5045
2021-04-25 07:00:00,1.6954000000000002
2021-04-25 08:00:00,5.5731
2021-04-25 09:00:00,4.3253
2021-04-25 10:00:00,7.7378
2021-04-25 11:00:00,2.0598
2021-04-25 12:00:00,1.0883
2021-04-25 13:00:00,5.0399
2021-04-25 14:00:00,4.4196
2021-04-25 15:00:00,9.9264
2021-04-25 16:00:00,12.1525
2021-04-25 17:00:00,5.0626
2021-04-25 18:00:00,4.7547
2021-04-25 19:00:00,7.5389
2021-04-25 20:00:00,7.3881000000000006
2021-04-25 21:00:00,8.3637
2021-04-25 22:00:00,6.3921
2021-04-25 23:00:00,4.5803
2021-04-26 00:00:00,3.8717
2021-04-26 01:00:00,7.1554
2021-04-26 02:00:00,6.8737
2021-04-26 03:00:00,7.4529
2021-04-26 04:00:00,2.473
2021-04-26 05:00:00,5.7827
2021-04-26 06:00:00,10.9432
2021-04-26 07:00:00,6.5796
2021-04-26 08:00:00,4.5991
2021-04-26 09:00:00,9.0392
2021-04-26 10:00:00,19.0227
2021-04-26 11:00:00,8.349
2021-04-26 12:00:00,13.2931
2021-04-26 13:00:00,12.314400000000001
2021-04-26 14:00:00,12.5386
2021-04-26 15:00:00,9.193
2021-04-26 16:00:00,8.0983
2021-04-26 17:00:00,5.521599999999999
2021-04-26 18:00:00,22.8113
2021-04-26 19:00:00,1.3724999999999998
2021-04-26 20:00:00,15.4079
2021-04-26 21:00:00,9.1786
2021-04-26 22:00:00,8.8218
2021-04-26 23:00:00,13.1485
2021-04-27 00:00:00,10.02
2021-04-27 01:00:00,8.9758
2021-04-27 02:00:00,12.3569
2021-04-27 03:00:00,8.759
2021-04-27 04:00:00,6.5710999999999995
2021-04-27 05:00:00,5.9737
2021-04-27 06:00:00,8.0024
2021-04-27 07:00:00,15.3553
2021-04-27 08:00:00,6.9136
2021-04-27 09:00:00,6.7959
2021-04-27 10:00:00,4.263199999999999
2021-04-27 11:00:00,10.8744
2021-04-27 12:00:00,16.6099
2021-04-27 13:00:00,10.5762
2021-04-27 14:00:00,17.72
2021-04-27 15:00:00,20.5985
2021-04-27 16:00:00,15.1226
2021-04-27 17:00:00,11.4178
2021-04-27 18:00:00,7.8681
2021-04-27 19:00:00,6.4489
2021-04-27 20:00:00,8.6008
2021-04-27 21:00:00,11.1891
2021-04-27 22:00:00,4.2469
2021-04-27 23:00:00,4.2612
2021-04-28 00:00:00,6.3515
2021-04-28 01:00:00,5.4698
2021-04-28 02:00:00,5.4268
2021-04-28 03:00:00,6.0179
2021-04-28 04:00:00,6.298
2021-04-28 05:00:00,6.0634
2021-04-28 06:00:00,11.097
2021-04-28 07:00:00,8.907399999999999
2021-04-28 08:00:00,8.9428
2021-04-28 09:00:00,9.0069
2021-04-28 10:00:00,8.2222
2021-04-28 11:00:00,5.0097000000000005
2021-04-28 12:00:00,10.2233
2021-04-28 13:00:00,8.3741
2021-04-28 14:00:00,7.868
2021-04-28 15:00:00,15.009699999999999
2021-04-28 16:00:00,9.6983
2021-04-28 17:00:00,10.6841
2021-04-28 18:00:00,13.9308
2021-04-28 19:00:00,11.841199999999999
2021-04-28 20:00:00,7.9729
2021-04-28 21:00:00,8.5107
2021-04-28 22:00:00,0.5668000000000001
2021-04-28 23:00:00,7.9683
2021-04-29 00:00:00,4.5196000000000005
2021-04-29 01:00:00,6.295
2021-04-29 02:00:00,7.1075
2021-04-29 03:00:00,4.4867
2021-04-29 04:00:00,7.5393
2021-04-29 05:00:00,14.8902
2021-04-29 06:00:00,9.131400000000001
2021-04-29 07:00:00,9.2248
2021-04-29 08:00:00,5.0201
2021-04-29 09:00:00,7.0520000000000005
2021-04-29 10:00:00,9.7132
2021-04-29 11:00:00,5.4868
2021-04-29 12:00:00,8.2213
2021-04-29 13:00:00,15.7783
2021-04-29 14:00:00,12.56
2021-04-29 15:00:00,5.9406
2021-04-29 16:00:00,9.4479
2021-04-29 17:00:00,8.3394
2021-04-29 18:00:00,7.8347
2021-04-29 19:00:00,11.0699
2021-04-29 20:00:00,5.7642
2021-04-29 21:00:00,11.5081
2021-04-29 22:00:00,8.5925
2021-04-29 23:00:00,6.941
2021-04-30 00:00:00,6.6231
2021-04-30 01:00:00,5.8249
2021-04-30 02:00:00,7.7154
2021-04-30 03:00:00,5.7116
2021-04-30 04:00:00,5.9159
2021-04-30 05:00:00,4.5536
2021-04-30 06:00:00,5.3549
2021-04-30 07:00:00,9.5992
2021-04-30 08:00:00,9.1472
2021-04-30 09:00:00,16.4516
2021-04-30 10:00:00,10.3635
2021-04-30 11:00:00,12.5474
2021-04-30 12:00:00,11.0525
2021-04-30 13:00:00,10.1535
2021-04-30 14:00:00,20.0018
2021-04-30 15:00:00,9.272400000000001
2021-04-30 16:00:00,8.1882
2021-04-30 17:00:00,10.3958
2021-04-30 18:00:00,7.9213000000000005
2021-04-30 19:00:00,17.1582
2021-04-30 20:00:00,10.0398
2021-04-30 21:00:00,6.8695
2021-04-30 22:00:00,12.6362
2021-04-30 23:00:00,7.0677
2021-05-01 00:00:00,9.0632
2021-05-01 01:00:00,6.3209
2021-05-01 02:00:00,5.3757
2021-05-01 03:00:00,3.0097
2021-05-01 04:00:00,5.0563
2021-05-01 05:00:00,2.2032000000000003
2021-05-01 06:00:00,8.655899999999999
2021-05-01 07:00:00,8.5058
2021-05-01 08:00:00,9.7675
2021-05-01 09:00:00,8.8001
2021-05-01 10:00:00,5.3594
2021-05-01 11:00:00,9.3926
2021-05-01 12:00:00,11.0305
2021-05-01 13:00:00,12.4917
2021-05-01 14:00:00,8.6729
2021-05-01 15:00:00,15.993
2021-05-01 16:00:00,15.1742
2021-05-01 17:00:00,10.6362
2021-05-01 18:00:00,12.5887
2021-05-01 19:00:00,13.7722
2021-05-01 20:00:00,9.889
2021-05-01 21:00:00,11.6912
2021-05-01 22:00:00,11.1821
2021-05-01 23:00:00,4.0289
2021-05-02 00:00:00,3.1955
2021-05-02 01:00:00,8.8395
2021-05-02 02:00:00,8.2171
2021-05-02 03:00:00,12.4643
2021-05-02 04:00:00,1.6324
2021-05-02 05:00:00,1.8267000000000002
2021-05-02 06:00:00,7.8009
2021-05-02 07:00:00,4.3601
2021-05-02 08:00:00,6.0261000000000005
2021-05-02 09:00:00,8.5629
2021-05-02 10:00:00,2.9046
2021-05-02 11:00:00,9.1845
2021-05-02 12:00:00,4.7855
2021-05-02 13:00:00,11.4854
2021-05-02 14:00:00,23.5119
2021-05-02 15:00:00,13.0686
2021-05-02 16:00:00,17.9307
2021-05-02 17:00:00,15.9018
2021-05-02 18:00:00,11.0002
2021-05-02 19:00:00,10.038400000000001
2021-05-02 20:00:00,12.913
2021-05-02 21:00:00,8.6502
2021-05-02 22:00:00,12.2392
2021-05-02 23:00:00,6.8634
2021-05-03 00:00:00,8.6008
2021-05-03 01:00:00,4.9226
2021-05-03 02:00:00,5.4234
2021-05-03 03:00:00,7.864
2021-05-03 04:00:00,4.4847
2021-05-03 05:00:00,4.8475
2021-05-03 06:00:00,9.6107
2021-05-03 07:00:00,6.4381
2021-05-03 08:00:00,7.8443000000000005
2021-05-03 09:00:00,14.733600000000001
2021-05-03 10:00:00,7.7062
2021-05-03 11:00:00,12.4957
2021-05-03 12:00:00,12.1671
2021-05-03 13:00:00,8.228
2021-05-03 14:00:00,21.084
2021-05-03 15:00:00,12.7777
2021-05-03 16:00:00,11.2204
2021-05-03 17:00:00,11.4865
2021-05-03 18:00:00,6.8321000000000005
2021-05-03 19:00:00,7.0133
2021-05-03 20:00:00,17.8145
2021-05-03 21:00:00,5.5358
2021-05-03 22:00:00,8.1305
2021-05-03 23:00:00,10.1783
2021-05-04 00:00:00,7.328399999999999
2021-05-04 01:00:00,7.6482
2021-05-04 02:00:00,5.7078999999999995
2021-05-04 03:00:00,6.2219
2021-05-04 04:00:00,2.0592
2021-05-04 05:00:00,9.9259
2021-05-04 06:00:00,0.8133000000000001
2021-05-04 07:00:00,4.5823
2021-05-04 08:00:00,6.5122
2021-05-04 09:00:00,4.6269
2021-05-04 10:00:00,9.2461
2021-05-04 11:00:00,11.9517
2021-05-04 12:00:00,8.4922
2021-05-04 13:00:00,10.8821
2021-05-04 14:00:00,9.5776
2021-05-04 15:00:00,2.0475000000000003
2021-05-04 16:00:00,15.033
2021-05-04 17:00:00,16.1283
2021-05-04 18:00:00,13.0273
2021-05-04 19:00:00,16.4691
2021-05-04 20:00:00,12.0417
2021-05-04 21:00:00,10.9942
2021-05-04 22:00:00,10.9639
2021-05-04 23:00:00,10.2865
